isbn13,title,description,author
9791192533070,오에 컬렉션 세트 - 전5권 (특별 한정판) - 읽기와 쓰기 향상을 위한 오에 겐자부로 필독서,"2024년 오에 겐자부로 타계 1주년 기념 도서다. 『새로운 문학을 위하여』, 『읽는 행위』, 『쓰는 행위』, 『소설의 전략』, 『그리운 시절로 띄우는 편지』로 구성된 세트다.","오에 겐자부로 (지은이), 이민희, 남휘정, 정상민, 성혜숙, 서은혜 (옮긴이)"
9791167071200,실의 변신 - 프랑스 태피스트리 읽기,왕과 귀족들이 주문 제작한 태피스트리에는 당대의 사회상이 투영되어 있다. 이를 읽어내는 방법을 국내 최초로 소개하는 『실의 변신 : 프랑스 태피스트리 읽기』는 태피스트리가 장려한 예술품 이상으로 귀중한 사료이자 시각매체임을 새롭게 인식하게 한다.,정은진 (지은이)
9791168230354,타이포그래피,스위스 스타일의 창시자 중 한 명인 에밀 루더의 명저 『타이포그래피』 한국어 개정판이자 복원판. 이 책은 1967년 처음 출간된 이래로 그래픽 디자인과 타이포그래피 교육의 기본 교재이자 가장 영향력 있는 교재로 인정받으며 스위스 디자인을 전 세계에 전파하는 역할을 하기도 했다.,"에밀 루더 (지은이), 안진수 (옮긴이)"
9791166891410,예술의 발명,"예술의 기원을 추적하는 책이다. 오랜 시간 미술, 문학, 음악 등 예술의 다양한 영역을 탐구한 저자는 우리가 알고 있는 ‘예술’, 즉 현대 순수예술의 체계가 18세기 유럽에서 수공예와 분리되어 만들어진 발명품에 불과하다고 주장한다.","래리 샤이너 (지은이), 조주연 (옮긴이)"
9791192099217,그 많은 개념어는 누가 만들었을까 - 서양 학술용어 번역과 근대어의 탄생,"“근대어는 어떻게 탄생했는가” 150년 전 서양 학술 용어와 체계를 번역, 소개한 어느 일본 지식인이 그린 근대지(近代知)의 지도.","야마모토 다카미쓰 (지은이), 지비원 (옮긴이)"
9791197995507,컬러 오브 아트 - 80점의 명화로 보는 색의 미술사,"고대 동물벽화에서 현대 미술까지, 과감하고 매력적인 색채로 시선을 사로잡는 80점의 명화로 보는 색의 미술사. 명화에 대한 신선한 해석을 제공함으로써 새로운 관점에서 미술사를 바라보고자 하는 예술가와 디자이너 및 예술 애호가를 위한 좋은 갈라잡이가 될 것이다.","클로이 애슈비 (지은이), 김하니 (옮긴이)"
9791192247960,말의 자연사 - 언어의 기원,INU 번역 총서 이어(異語) 1권. 번역 총서 이어는 서로 다른 언어들을 이어주고 연결해주는 인천대 인문학연구소의 새로운 번역 프로젝트이다. 본 프로젝트를 통해 여러 언어로 된 텍스트들이 학인들 사이를 경계 없이 유동하면서 자유와 해방의 기획으로 거듭나기를 기대해본다.,"장-루이 데살 (지은이), 박정준, 이현주 (옮긴이)"
9788954689151,"여성이 글을 쓴다는 것은 - 연인, 환자, 시인, 그리고 너","1979년 작품활동을 시작한 이후 40여 년간 세계의 지배적 언어에 맞서는 ‘여성의 언어’ ‘몸의 언어’로 한국 현대시의 미학을 갱신해온 김혜순 시인, 그가 20년 전 펴낸 첫 시론집 『여성이 글을 쓴다는 것은』의 개정판이 문학동네에서 출간되었다.",김혜순 (지은이)
9791190118439,핀란드 디자인 산책 - DESIGN FINLAND IN MY PERSPECTIVE,2009년 출간되어 출판계와 독자들로부터 많은 관심과 사랑을 받았던 &lt;핀란드 디자인 산책&gt;이 13년 만에 개정판으로 다시 선보인다. 개정판에는 핀란드의 에코 디자인을 비롯해 핀란드 사우나와 핀란드 크리스마스 이야기를 더했고 새로운 사진들도 추가했다.,안애경 (지은이)
9788965642749,이것은 미술이 아니다 - 개정4판,"1997년, 2006년, 2013년에 출간된 바 있는 &lt;이것은 미술이 아니다&gt;의 디자인을 새롭게 하여 펴낸 개정판(4판). ‘미술과 미술이 아닌 것, 그리고 그 외의 사물들이 어떻게 의미와 가치를 갖게 되는가에 대한 연구’를 담고 있다.","메리 앤 스타니스제프스키 (지은이), 박이소 (옮긴이)"
9791189519544,디자인 정치학,"네덜란드의 디자이너 뤼번 파터르는 정치적 디자인이라는 것이 있는 게 아니고, 모든 디자인 작업은 클라이언트는 물론 작업자가 경험한 문화적 맥락 등 다양한 이데올로기로부터 자유로울 수 없음을 깨닫고 오랜 리서치와 디자이너의 정공법적인 시각화 + 북디자인을 통해서 이 책을 내놓았다.","뤼번 파터르 (지은이), 이은선 (옮긴이), 김미래 (기획), 오혜진 (디자인)"
9791157803323,마크 레빈 재즈 이론,"1955년 미국에서 출간되어 5개 국어로 번역된 ‘전 세계 대학의 재즈 이론 필수 교재’이다. 이론을 쉽게 묘사하듯 설명하고 그것들을 잘 이해할 수 있도록 하고 있으며, 또한 개념들이 어떻게 사용되는지를 보여주는 여러 음악적 예시들로 가득 차 있다.","마크 레빈 (지은이), 최종하 (옮긴이)"
9788931701395,C로 배우는 알고리즘 1,알고리즘의 기본 개념과 용어를 쉽게 풀이하고 기본적인 자료구조에서어려운 자료구조에까지 그 원리와 C로 구현함에 있어서의 문제점을 상세히 소개하였다.,이재규 (지은이)
9791187890263,남성됨과 정치 - 서구 정치 이론에 대한 페미니즘적 독해,평화학·여성학 연구자 정희진의 기획으로 선보이는 새로운 시리즈 '메두사의 시선' 2권. 흔히들 페미니즘 혹은 젠더 연구라고 하면 ‘여성 문제’를 다루는 것으로 생각한다. 웬디 브라운의 『남성됨과 정치』는 이 흔하디흔한 오해의 고백으로 시작된다.,"웬디 브라운 (지은이), 황미요조 (옮긴이), 정희진 (기획)"
9788986377590,"권력의 미학 - 18세기 회화부터 퍼포먼스 아트까지 미술로 본 사회, 정치, 여성","미술 작품이 제작되고, 보여지고, 이야기되는 과정을 통해 예술이 작동하는 정치, 사회, 문화적 동기와 그 작동 메커니즘을 다층적으로 분석한 캐롤 던컨의 주요 논문과 비평문을 모은 책이다.","캐롤 던컨 (지은이), 이혜원, 황귀영 (옮긴이)"
9791185153346,모던걸 모던보이의 근대공원 산책,우리의 최초 공원은 어디일까. 각국공원? 파고다공원? 한국 공원의 역사가 130년이라고는 하지만 그 흔적은 지금 찾기 힘들다. 우리가 기억하지 않는 시대는 시간 저편으로 흘러간다. 그래도 괜찮은 걸까? 우리의 공원 역사를 통해 우리가 놓치거나 잃어버리고 있는 것을 찾자.,김해경 (지은이)
9788957336397,메논,"정암고전총서 플라톤 전집. 프로타고라스와 고르기아스, 소크라테스의 차이점을 극적으로 묘사한 책이다. 세 철학자들 간의 차이의 양상과 논쟁의 초점이 어디에 있는지를 극적으로 묘사하는 대화편이다.","플라톤 (지은이), 이상인 (옮긴이)"
9788957336359,티마이오스,"정암고전총서 플라톤 전집. 고대와 중세를 거쳐 문예부흥기까지 우주론의 표준적인 설명 모델을 제시한 책이다. 플라톤의 『국가』 편에서 다룬 이상적인 정체와 관련된 내용, 아틀란티스 섬에 얽힌 전설 그리고 우주의 기원에서 인간의 본성에 이르기까지 이야기한다.","플라톤 (지은이), 김유석 (옮긴이)"
9788972979425,도시의 새로운 프런티어 - 젠트리피케이션과 도시강탈,"젠트리피케이션이 일어나는 낙후된 도심 지역을 뜻하는 ‘프런티어’와, 그곳에서 저항하는 주민들을 야만으로 규정하고 퇴거시키려는 ‘보복주의’ 개념을 중심으로 서구 도시의 젠트리피케이션 사례와 이론을 깊이 있게 종합한 책이다.","닐 스미스 (지은이), 김동완, 김은혜, 김현철, 황성원 (옮긴이)"
9788967220259,케임브리지 중국경제사,"새로운 세계사의 시각에서 중국 경제 통사를 재해석한 기념비적 학술서다. 영미권은 물론 중국 및 일본을 포함한 전 세계 학계를 통틀어서 실로 반세기반에 출현한 중국경제사 통사라는 학술적 의의도 적지 않다. 이 책에서 시도하는 새로운 중국경제사 해석은 중국사의 재평가는 물론, 세계 경제의 미래를 예측하는 데에도 큰 밑거름이 될 것이다.","리처드 폰 글란 (지은이), 류형식 (옮긴이)"
9791186846520,"문학, 내 마음의 무늬 읽기 - 문학상담의 이론과 실제","모두가 트라우마를 안고 살아가는 시대에 문학은 어떤 역할을 할 수 있을까? 인문상담학의 한 분야인 문학상담을 다루며, 우리가 어떻게 문학을 통해 마음을 치유하고, 삶의 주체로 성장할 수 있는지를 이야기한다.","진은영, 김경희 (지은이)"
9788957336083,영혼에 관하여,정암고전총서 1권. ‘영혼이란 무엇인가?’에 답하기 위해 아리스토텔레스는 영혼에 관한 사람들의 통념과 선배 철학자들의 학설을 검토하여 말이 안 되는 점을 비판하기도 하고 일리 있는 부분을 염두에 두면서 준비를 거쳐 답을 본격적으로 찾아 나선다.,"아리스토텔레스 (지은이), 오지은 (옮긴이)"
9791155311011,육식의 성정치 - 여혐 문화와 남성성 신화를 넘어 페미니즘 - 채식주의 비판 이론을 향해,"은폐돼 있던 육식과 페미니즘의 관계를 밝혀 커다란 충격을 던진 우리 시대의 고전. 2003년에 한국어판이 나온 적이 있지만, 이번 책은 2015년에 나온 출간 25주년 기념판을 바탕으로 한 전면 개정판이다.","캐럴 J. 아담스 (지은이), 류현 (옮긴이)"
9788932473901,이기적 유전자 - 40주년 기념판,"과학을 넘어선 우리 시대의 고전, 『이기적 유전자』 40주년 기념판. 진화론의 새로운 패러다임을 제시한 이 책은 다윈의 ‘적자생존과 자연선택’이라는 개념을 유전자 단위로 끌어내려 진화를 설명한다.","리처드 도킨스 (지은이), 홍영남, 이상임 (옮긴이)"
9788931011180,관료제,"합리를 앞세운 관료제가 고도화된 오늘날 관료제의 문제점을 지적한 막스 베버의 《관료제》는 꼭 읽어야 할 고전이다. 막스 베버의 방법론을 이해하기 위해서도 읽어야 할 저서이지만, 관료제 그리고 합리의 문제를 이해하고자 할 때도 참고할 책이다.","막스 베버 (지은이), 이상률 (옮긴이)"
9788931011104,구술문화와 문자문화 - 출간 30주년 기념판,옹은 구술성과 문자성의 차이와 비교에서 그치는 게 아니라 이 두 문화가 어떻게 변화하고 관계를 맺고 있는지까지 논의를 펼친다. 이 논의는 미디어로 대표되는 현대사회의 특성뿐 아니라 개인 대 개인의 커뮤니케이션 문제로까지 확장한다.,"월터 J. 옹 (지은이), 임명진 (옮긴이)"
9791196301415,동물은 인간에게 무엇인가 - 인간과 동물의 관계를 통찰하는 인간동물학 집대성,인간-동물 관계의 모든 것을 담고 있다. 미국 뉴욕 주의 명문 사립대인 카니시우스 대학에서 인류동물학 석사 과정을 가르치고 있는 저자 마고 드멜로 교수는 인간동물학의 세계적 권위자이면서 동물과사회연구소에서 인간동물학 프로그램 책임자로 활동하고 있다.,"마고 드멜로 (지은이), 천명선, 조중헌 (옮긴이)"
9788964451564,상상된 공동체 - 민족주의의 기원과 보급에 대한 고찰,"이번에 새롭게 독자들에게 소개하는 번역은 앤더슨의 또 다른 주요 저술인 『세 깃발 아래서: 아나키즘과 반식민주의적 상상력』을 번역 출간했으며, 앤더슨과 마찬가지로 태국·인도네시아 등 동남아시아 정치를 연구하고 있는 서지원이 번역했다.","베네딕트 앤더슨 (지은이), 서지원 (옮긴이)"
9791185121154,"비폭력대화 워크북 - 개인과 연습모임을 위한 가이드, 개정증보판",마셜 로젠버그의 &lt;비폭력대화&gt; 구성에 따라 14주 동안 비폭력대화(NVC)를 일상적으로 연습하고 실천하는 방법을 안내하는 책. &lt;비폭력대화&gt; 개정판에 맞추어 제11장 ‘갈등 해결과 중재’ 연습을 추가하고 잘 읽히도록 문장을 손보았다.,"루시 루 (지은이), 한국NVC센터 (옮긴이)"
9788976822826,과학학이란 무엇인가,과학은 사회와 어떠한 관계를 맺고 있는가? 단순히 윤리적인 차원이 아니라 과학적 지식의 객관성이란 어떻게 해석되고 구성되는가? 이 책은 그동안 사회학 속에서 경시되어 온 '과학이라는 문제'를 탐구함으로써 과학사회학에 대한 관심을 촉구한다.,"스티븐 이얼리 (지은이), 김명진 (옮긴이)"
9788937434747,시나리오란 무엇인가,"시나리오계의 거장 시드 필드가 영화 제작 전반을 경험하며 얻은 인사이트를 바탕으로, 콘셉트에서 인물에 이르기까지, 오프닝 신을 쓰는 법에서 마지막 신을 마무리하는 법까지, 기본 집필 작업에서 마케팅과 협력에 이르기까지 단계적으로 적용 가능한 영화 만들기의 유용한 규범들을 가르쳐 준다.","사이드 필드 (지은이), 유지나 (옮긴이)"
9788936811112,영혼을 치유하는 의사 (양장) - 빅터 프랭클의,"우선 기존의 심리치료가 가진 한계를 명확히 규정한 후에 그 보완책인 로고테라피와 실존분석의 개념을 설명한다. 그리고 이를 실제 치료에 적용한 사례를 제시하여 그 효용성과 필요성을 입증한다. 이 책은 8개 언어로 번역되어 총 43판 이상 출간된 스테디셀러이며, 국내에서는 이번에 처음으로 소개되는 것이다.","빅터 프랭클 (지은이), 유영미 (옮긴이)"
9791187498179,우리 아이 언어치료 부모 가이드 - 자폐 아동 및 의사소통에 어려움이 있는 아이를 위한,수십 년간 축적된 아동의 조기언어발달에 대한 연구와 자폐 스펙트럼 장애 아동 가족과의 방대한 임상 경험을 집대성한 이 책은 자폐 스펙트럼 장애 진단을 받은 아동의 부모에게 의사가 가장 먼저 권하는 필독서로 알려져 있다.,"펀 서스먼 (지은이), 이로미, 조아라, 박혜원 (옮긴이)"
9791188726004,"대한민국 자동차 명장 박병일의 자동차 백과 - 자동차 정비와 관리, 중고차 잘 고르는 법까지!","자동차 구조, 정비, 중고차에 관한 노하우를 알려준다. 박병일 자동차 명장이 일반 오너드라이버를 위해 쓴 것으로 그동안 언론을 통해 단편적으로 제시되었던 명장의 노하우를 집대성했다.","박병일, 박대세 (지은이)"
9788931010664,사회학의 기초개념,베버의 《경제와 사회》 제1부 〈사회학적 범주론〉의 제1장을 번역한 것으로 사회방법론 담론의 선구자적인 논문. 사회학의 기초개념들을 엄밀하게 구축함으로써 베버가 구상한 사회학 방법론의 마지막 완성 단계를 보여주는 책이다.,"막스 베버 (지은이), 이상률 (옮긴이)"
9788984458857,굿바이 공황장애 - 두려움에서 벗어나 행복 찾기,정신과 전문의인 저자가 인지행동치료를 하면서 겪은 다양한 임상 경험을 바탕으로 공황장애라는 신경정신병을 긍정적인 관점으로 재조명한다. 실제 사례를 소개하여 공황장애라는 질병에 대해 쉽고 친근하게 설명하고 있다.,최주연 (지은이)
9788981631697,한국여성단체연합 30년의 역사 - 폭력을 넘어.빈곤을 넘어.성평등의 세상으로,"이른바 ‘87년 체제’ 이후 정확히 30년이 지나는 동안 현장의 한가운데서 도전하고 투쟁하기를 그치지 않은 ‘한국여성단체연합’의 ‘기록’이다. 그간 여성운동은 돌봄의 공공성 강화를 통한 일·가족 양립을 주장하였지만, 이제는 여기서 진일보하여 돌봄의 패러다임 자체를 바꾸는 ‘돌봄민주주의’ 담론으로 나아갈 것을 제안하고 있다.",한국여성단체연합 (지은이)
9791185415154,악의 해부 - 나치 전범들의 심리분석,"인류 역사상 최악의 전쟁 범죄를 저지른 나치 전범들은 악마 같은 사이코패스였을까? 전범들의 심리에 특히 초점을 맞추면서 이들의 심리에 대해 친절하게 개괄하며, 전범들을 검사했던 두 학자의 상이한 시각과 악의 원인을 해석하는 데 심리학이 어떤 역할을 할 수 있는지 보여준다.","조엘 딤스데일 (지은이), 박경선 (옮긴이)"
9788993952841,H.G. 웰스의 세계사 산책 - 세계 대문화와 함께 인류 문명의 위대한 역사를 걷다,"지구의 탄생에서 세계대전까지, 고대 로마에서 아랍, 몽골을 거쳐 현대 미국까지, H.G. 웰스의 균협 잡힌 시각으로 풀어낸 세계사. 웰스는 세계사를 지구의 탄생에서 시작하는 독특한 구성으로 기획하고 유럽 중심이 아닌 동서양을 아우르는 균형 잡힌 시각으로 기록한다.","허버트 조지 웰즈 (지은이), 김희주, 전경훈 (옮긴이)"
9788964451397,애도의 정치학 - 근현대 동아시아의 죽음과 기억,전통적으로 죽음은 한 육체의 끝을 의미한다는 점에서 개인에게뿐만 아니라 한 사회 구성원들에게 가장 중요한 금기이자 ‘사건’이었다. 어느 사회에나 죽음을 처리하는 복잡하고 까다로운 일련의 문화적 관습과 의례가 존재하는 이유도 그 때문이다.,"이영진, 니시무라 아키라, 허이린, 김봉국, 정명중, 하남석, 다카하시 데쓰야 (지은이)"
9791195601035,"히스테리, 불안을 욕망하는 사람","히스테리는 일반적인 사람들과는 반대로 살아가는 사람들이다. 상식적으로 사람들은 행복하기를 원하고 행복한 데서 만족을 누린다. 그러나 히스테리는 행복이 아니라 불행을 원하고, 만족이 아니라 불만족을 누리려고 한다.","장-다비드 나지오 (지은이), 표원경 (옮긴이)"
9788931010466,직업으로서의 학문,"책에 실린 '직업으로서의 학문'과 '직업으로서의 정치' 두 강연은 막스 베버가 학문과 정치를 직업적으로 삼는다는 것이 무엇을 의미하며, 학자와 정치가의 역할 및 사명은 무엇인지 그리고 학문과 정치, 정치와 윤리는 어떤 관계에 있는가를 논한 것이다.","막스 베버 (지은이), 이상률 (옮긴이)"
9788931010459,직업으로서의 정치,"정치의 의미와 정치가의 역할을 이해하기 위해 꼭 읽어야 하는 사회학의 고전. &lt;직업으로서의 학문&gt;과 함께 사회과학 역사상 가장 많이 읽힌 강연문으로 꼽힌다. 베버는 우선 정치의 의미와 국가에 대한 정의를 말한 다음, 직업으로서의 정치가 영위될 수 있는 조건에 대해 설명한다.","막스 베버 (지은이), 이상률 (옮긴이)"
9788970598871,디자인의 디자인 (10주년 기념판),일본의 그래픽 디자이너이자 아트 디렉터로 잘 알려진 하라 켄야의 &lt;디자인의 디자인&gt; 10주년 기념판이다. 이번 기념판에는 하라 켄야의 축하 메시지 및 국내 디자이너·건축가·큐레이터 6인의 글을 새로 담았다.,"하라 켄야 (지은이), 민병걸 (옮긴이)"
9788998439316,"농촌 - 지리학의 눈으로 보는 농촌의 삶, 장소 그리고 지속가능성",다양한 기능과 상반되는 이미지가 교차하는 농촌을 파악하기 위해 9개의 주제를 다루고 있는 책,"마이클 우즈 (지은이), 강마야, 김종수, 김찬규, 박경철, 송주연, 장효안, 최민영, 허남혁 (옮긴이)"
9788993818840,"깊고 충실한 사진 강의 - 제대로 만든 음식 같은 사진 입문서, 제3판","카메라를 다루는 방법에서부터 출발하여 렌즈, 노출, 디지털 기술, 편집, 프린트, 전시, 관리, 저장, 조명, 사진 감상, 사진의 역사 및 가벼운 사진 이론에 이르기까지, 사진의 거의 전 영역을 아우르며 조목조목 소개한다.","바버라 런던, 짐 스톤 (지은이), 최재균 (옮긴이)"
9788994054995,무의식이란 무엇인가,"칼 G. 융이 프로이트에서 독립하면서 자신만의 사상을 싹틔우기 시작한 바로 그 시기에 쓴 글들을 모아놓은 책이다. 안정적인 집단에서 떨어져 나와 자신만의 방향을 모색하던 시기에 쓴 글인 만큼, 이 책에 실린 글들에는 과도기적 성격이 강하게 나타나 있다.","칼 G. 융 (지은이), 김성환 (옮긴이)"
9788935670178,사회사상사,"사회학의 주요 사상가 15명을 사상, 개인적 배경, 지적 배경, 사회적 배경 순으로 정리하였다. 사상에서는 사회학에서의 업적과 사상을, 개인적 배경에서는 생애와 가족, 동료의 영향을, 지적 배경에서는 당시 학문적 경향을, 사회적 배경에서는 출신과 그것이 사상에 미친 영향을 다루었다.","루이스 코저 (지은이), 박명규, 신용하 (옮긴이)"
9788934975526,마인드웨어 - 생각은 어떻게 작동되는가,"과학과 철학이 사람의 인지능력을 개선할 수 있는가? 우리가 알고 있는 수학, 심리학, 철학, 통계학 등의 개념들을 통해 일상생활에서 경제활동 전반까지 일반적인 생각의 오류를 밝히고 더 창의적이고 논리적인 사고의 기술을 제시하는 인문서! 《생각에 관한 생각》과 궤를 함께하는 책으로 일상의 삶, 즉 일과 개인적인 부분 모두에서 인간을 똑똑하게 만드는 과학, 수학, 철학 등의 개념 소개하고 있다. 이 책에서 주창하는 추정과 판단의 법칙을 통해 독자들은 다른 사람들이나 미디어가 주장하는 바의 허점을 알아차리고 과학적인 지식이 없이도 과학의","리처드 니스벳 (지은이), 이창신 (옮긴이)"
9791195568758,부분과 전체 - 정식 한국어판,&lt;부분과 전체&gt; 정식 한국어판. 양자역학을 창시한 공로로 노벨 물리학상을 수상한 베르너 하이젠베르크의 학문적 자서전이다. 원자라는 미시 세계를 이해하는 데 혁명을 일으킨 양자역학의 발전에 참여한 수많은 천재들의 캐릭터와 일화가 밀도 높게 기록되어 있다.,"베르너 하이젠베르크 (지은이), 유영미 (옮긴이), 김재영 (감수)"
9788962631494,십대의 재능은 어떻게 발달하고 어떻게 감소하는가,"200명 넘는 십대 영재를 5년간 면밀히 관찰한 연구 성과를 담고 있다. 부모, 교사, 그리고 관심 있는 다른 사람들이 십대들의 비범한 능력을 충분히 활용하지 못한 데 따른 손실을 예방하는 데 일조하길 바라는 마음에서 집필한 책이다.","미하이 칙센트미하이, 케빈 래선드, 새뮤얼 웰런 (지은이), 조미현 (옮긴이)"
9788974183486,사회에 대해 말하기,"저자 하워드 S. 베커는 다양한 유형의 스토리텔링 방식을 통해 사회에 대한 지식이 공유되고 해석될 수 있는 방식을 탐구하고, 소설, 영화, 사진, 지도, 심지어 수학적 모형까지도 지식 공유의 유용한 도구가 될 수 있다고 주장한다.","하워드 S. 베커 (지은이), 이성용, 고성호, 김봉석, 김월화 (옮긴이)"
9788957693735,"미국 헌법과 인권의 역사 - 민주주의와 인권을 신장시킨 명판결, 개정증보판","&lt;미국 헌법과 인권의 역사&gt; 개정증보판. 미국은 강대국으로 성장하면서도, 헌법정신을 굳게 지키며 인권과 민주주의를 발전시켜왔다. 미국 연방대법원의 주요 판결 22개 사례를 통해 미국 사회에 법치주의가 뿌리내린 과정을 조명하고 있다.",장호순 (지은이)
9791186274071,생명이란 무엇인가 - 개정판,"&lt;생명이란 무엇인가&gt; 개정판. 생명에 대한 에르빈 슈뢰딩거의 과학적 접근 이후, 보다 탄탄한 과학적 기반을 마련한 린 마굴리스와 도리언 세이건의 저술로서, 다윈 이후 절대 이론이었던 적자생존론을 뛰어넘어 공생명을 기반으로 한 생명론을 증명하고 있다.","린 마굴리스, 도리언 세이건 (지은이), 김영 (옮긴이)"
9788968800269,교사를 위한 인간학 - 발도르프 교육의 인간 이해,발도르프 교육학의 근간이 되는 루돌프 슈타이너의 인지학적 인간학을 쉽게 풀이한 안내서이다. 공교육과 발도르프 학교에서 교사 생활한 저자의 풍부한 현장 경험과 연구자로서의 이론적 고찰은 난해한 번역서와는 달리 친절한 설명과 생생한 사례를 제시한다.,김훈태 (지은이)
9788956992884,에니어그램의 영적인 지혜 - 진정한 '나'는 성격 너머에 있다,"에니어그램을 해석하고 이해하는 다양한 방식 중 영적인 측면에 집중한 책이다. 국내에서 에니어그램의 대중화에 크게 기여하면서 에니어그램의 교과서로 꼽혀온 &lt;에니어그램의 지혜&gt;가 입문서라면, 이 책은 그 다음 단계인 심화편이라 할 수 있다.","산드라 마이트리 (지은이), 황지연, 김세화 (옮긴이)"
9788972977582,환자가 된 의사들 - 고장난 신들의 생존에 관한 기록,정신과 전문의 로버트 클리츠먼이 환자가 된 의사 칠십 여명을 심층 인터뷰한 질적 연구의 결과물이자 질병에 걸린 의사들의 지난한 생존과정을 기록하며 그들의 복잡한 내면을 탐구한 책이다. 삶의 마지막을 관조하면서 환자가 된 의사들은 아무에게도 하지 않았던 이야기를 들려준다.,"로버트 클리츠먼 (지은이), 강명신 (옮긴이)"
9788964372463,미국 헌법과 민주주의 - 개정판,"미국 정치학계를 대표하는 원로 정치학자 로버트 달이 ""미국의 헌정체제는 과연 민주적인가?""라는 문제를 제기한 책. 대통령이 연방최고법원 판사들의 결정에 의해 가려진 2000년 대통령 선거 직후에 출간된 책으로, 미국 헌법의 구조적 위기와 민주주의 실현의 관계를 본격적으로 논했다는 점에서 많은 주목을 받았다.","로버트 달 (지은이), 박수형, 박상훈 (옮긴이)"
9788930088435,현대 정보사회 이론,"&lt;정보사회이론&gt; 세 번째 개정판. '민주주의와 정보적 발전 간의 관계'에 대한 심층적 논의를 전개하고 있다. 민주주의가 표현되고 재개념화되는 복합적인 환경에 대해 탐구하는 새로운 장이 추가되었고, 기존 내용도 대폭 수정되었다.","프랭크 웹스터 (지은이), 조동기 (옮긴이)"
9788956605722,"개발 없는 개발 - 일제하, 조선경제 개발의 현상과 본질, 2016 개정증보판","경제사학의 관점에서 '식민지 개발, 근대화론'의 논리적 허구성을 파헤친 책. 일본 식민 지배기 동안 급속히 근대화되었다는 농업, 공업, 교육 등 각 분야에서 민족별 극심한 불평등과 차별이 존재했으며, 그러한 식민지 경제체제의 구조적 문제 때문에 조선인들의 삶의 질은 전혀 개선되지 않았고 개선될 전망도 없었음을 보여줌으로써 개발의 허구성을 논증한다.",허수열 (지은이)
9788946061248,신제국주의,한울아카데미 737권. 이 책은 미국의 이라크 침략전쟁의 원인을 석유확보와 중동에서의 패권 확보라는 표면적 이해관계의 이면에 놓여 있는 미국자본주의 및 세계자본주의적 차원과 세계정치적 차원의 맥락에서 심층적으로 분석하고 있다.,"데이비드 하비 (지은이), 최병두 (옮긴이)"
9788961057400,수학사상사 1~3 세트 - 전3권,"고대에서 20세기 전반까지 수학의 발전 과정을 다루는 책. 핵수학의 진로 형성에 큰 역할을 한 연구 흐름을 중점적으로 살핀다. 수학을 규정하는 개념, 시기에 따른 그 개념의 변화, 그리고 자신들의 성과를 바라보는 수학자들의 관점 역시 중요하게 다루는 수학사 개설서이다.","모리스 클라인 (지은이), 심재관 (옮긴이)"
9788994054773,간디의 진리 - 비폭력 투쟁의 기원,"간디의 삶을 역사심리학적으로 재조명한 에릭 H. 에릭슨의 퓰리처상 수상작. 간디의 자서전을 비롯해 방대한 양의 참고자료와 증언을 토대로 간디의 생애를 재구성했다. 간디와 인도인들에 대한 역사심리학적, 사회심리학적 연구서인 동시에 그의 자서전에 대한 해설서로도 읽힐 수 있다.","에릭 에릭슨 (지은이), 송제훈 (옮긴이)"
9788937604379,"자본론 부록 - 2015년 개역판, 정치경제학비판","지난 여름 갑작스럽게 타계한 한국의 대표적 마르크스 경제학자 고 김수행 교수의 마르크스 &lt;자본론&gt; 전면 개역판. 자본주의에 대한 철저한 분석과 비판을 통해 착취와 억압의 체제를 넘어선 새로운 사회를 향해 나아가고자 했던 마르크스의 이론적, 사상적 정수를 담고 있다.","카를 마르크스 (지은이), 김수행 (옮긴이)"
9788937604362,"자본론 3 - 하 - 2015년 개역판, 정치경제학비판","지난 여름 갑작스럽게 타계한 한국의 대표적 마르크스 경제학자 고 김수행 교수의 마르크스 &lt;자본론&gt; 전면 개역판. 자본주의에 대한 철저한 분석과 비판을 통해 착취와 억압의 체제를 넘어선 새로운 사회를 향해 나아가고자 했던 마르크스의 이론적, 사상적 정수를 담고 있다.","카를 마르크스 (지은이), 김수행 (옮긴이)"
9788937604355,"자본론 3 - 상 - 2015년 개역판, 정치경제학비판","지난 여름 갑작스럽게 타계한 한국의 대표적 마르크스 경제학자 고 김수행 교수의 마르크스 &lt;자본론&gt; 전면 개역판. 자본주의에 대한 철저한 분석과 비판을 통해 착취와 억압의 체제를 넘어선 새로운 사회를 향해 나아가고자 했던 마르크스의 이론적, 사상적 정수를 담고 있다.","카를 마르크스 (지은이), 김수행 (옮긴이)"
9788937604348,"자본론 2 - 2015년 개역판, 정치경제학비판","지난 여름 갑작스럽게 타계한 한국의 대표적 마르크스 경제학자 고 김수행 교수의 마르크스 &lt;자본론&gt; 전면 개역판. 자본주의에 대한 철저한 분석과 비판을 통해 착취와 억압의 체제를 넘어선 새로운 사회를 향해 나아가고자 했던 마르크스의 이론적, 사상적 정수를 담고 있다.","카를 마르크스 (지은이), 김수행 (옮긴이)"
9788937604331,"자본론 1 - 하 - 2015년 개역판, 정치경제학비판","지난 여름 갑작스럽게 타계한 한국의 대표적 마르크스 경제학자 고 김수행 교수의 마르크스 &lt;자본론&gt; 전면 개역판. 자본주의에 대한 철저한 분석과 비판을 통해 착취와 억압의 체제를 넘어선 새로운 사회를 향해 나아가고자 했던 마르크스의 이론적, 사상적 정수를 담고 있다.","카를 마르크스 (지은이), 김수행 (옮긴이)"
9788937604324,"자본론 1 - 상 - 2015년 개역판, 정치경제학비판","지난 여름 갑작스럽게 타계한 한국의 대표적 마르크스 경제학자 고 김수행 교수의 마르크스 &lt;자본론&gt; 전면 개역판. 자본주의에 대한 철저한 분석과 비판을 통해 착취와 억압의 체제를 넘어선 새로운 사회를 향해 나아가고자 했던 마르크스의 이론적, 사상적 정수를 담고 있다.","카를 마르크스 (지은이), 김수행 (옮긴이)"
9788956441320,자연학 소론집,"아리스토텔레스의 자연 현상을 다루는 8편의 글 모음집. 감각, 기억, 수면, 꿈, 해몽, 수명, 호흡의 순서로 몸과 혼에 공통으로 관련된 자연 현상들의 존재 방식, 정의, 원인을 분석과 논증의 이론적 도구뿐만 아니라 관찰과 해부의 경험적 사실을 토대로 설명한다.","아리스토텔레스 (지은이), 김진성 (옮긴이)"
9788997235865,훈민정음 해례본 세트 - 전2권,"간송미술문화재단은 광복 70년, 훈민정음 반포 570년을 기념하여 국보 제70호, 유네스코 세계 기록문화유산인 훈민정음 해례본을 원형 그대로 복간하였다. 누구나 쉽고 재미있게 훈민정음과 한글을 이해할 수 있는 해설서도 포함되어 있다.","강신항 (감수), 김슬옹 (해제), 간송미술문화재단"
9788994054742,유년기 인류학 - 인류학자가 본 어린이의 삶,"유년기 인류학의 역사와 주요 이슈들을 알기 쉽게 정리한 책. 풍부한 인류학 문헌 자료에서 핵심적 사례를 뽑아 여타 사회에서 부모가 아이를 기르는 방법, 그들이 생각하는 학대, 어린이가 어른이 되는 과정, 어른과 어린이에게 주어진 역할과 책임 등을 살펴본다.","헤더 몽고메리 (지은이), 정연우 (옮긴이)"
9788963721828,나의 뇌는 특별하다 - 템플 그랜딘의 자폐성 뇌 이야기,세상에서 가장 뛰어나고 유명한 자폐인 템플 그랜딘은 MRI가 막 개발되었던 1980년대 후반부터 수십 년 동안 자기 뇌를 스캔해왔다. 그 결과 자폐증은 심리의 문제가 아니라 뇌의 문제라는 사실을 밝혀냈다.,"템플 그랜딘, 리처드 파넥 (지은이), 홍한별 (옮긴이)"
9788968172458,근대문화사 1 - 르네상스와 종교개혁 : 흑사병에서 30년 전쟁까지,"독일어판 1,600쪽 분량에 가까운 &lt;근대문화사&gt;는 출간되자마자 대중에게 폭발적 관심을 받았다. 당대에도 표현주의 작가 알프레트 되블린과 저널리스트 레오폴트 슈바르츠쉴트, 극작가 아르투어 슈니츨러 등의 추천을 받은 &lt;근대문화사&gt;는 수십 개 나라의 언어로 번역 출간되기도 했다.","에곤 프리델 (지은이), 변상출 (옮긴이)"
9772093472002,근대서지 2015 제11호 - 반년간,"「근대서지」 2015년 제11호. 11호에서 소개하는 자료와 영인은 잡지 「신청년」이다. 「신청년」이 창간된 것은 1919년 1월이고 1921년 7월 6호까지 발간되었다. 일찍이 「신청년」에 관심을 가져온 한기형, 조영복, 이철호의 글을 수록하였다.",근대서지학회 (지은이)
9788994054704,현대 중국의 사회계층,"마오쩌둥, 덩샤오핑, 후야오방 이래 시진핑 국가주석까지 현대 중국의 최고지도자들이 주목한 용기 있는 저널리스트 양지성이 심혈을 기울여 쓴 역작. 각 계층의 횡단면을 보여주는 것으로, 개혁 후 30년의 중국 사회 변천을 분석했다.","양지성 (지은이), 박종연, 이웅길 (옮긴이)"
9788931009507,법의 정신,“가장 넓은 의미에서의 법은 사물의 성격에서 유래하는 필연적 관계다” 하는 유명한 정의로 시작되는'법의 정신'은 프랑스의 위대한 철학자 몽테스키외가 20여 년이라는 오랜 세월에 걸쳐 쓴 필생의 대작이다.,"샤를 드 몽테스키외 (지은이), 이재형 (옮긴이)"
9791186000144,프로파일러 노트 - 프로파일링 기법을 확립한 전직 FBI 요원의,"프로파일러의 수사과정을 기록한 책.교활하고 사악하며 창조적인 범죄자들의 심리를 파헤친다. FBI의 프로파일러 출신인 지은이 로이 해이즐우드는 이 책에서 그들을 추적하는 방법, 체포하는 과정, 정의의 법정에 세우는 방법 그들을 이해하는 방법을 제시하고 있다.","로이 해이즐우드, 스티븐 G. 미초드 (지은이), 허진 (옮긴이)"
9788937431661,정의론 - 법과 사회 정의의 토대를 찾아서,"세계적인 법학자이자 정치사상가인 로널드 드워킨이 남긴 필생의 역작이 박경신 교수의 번역으로 출간되었다. 드워킨은 롤스 이후 금세기 최고의 법철학자로 평가받는 학자로, 2000년대 내내 법철학 분야에서 가장 많이 인용된 학자이며 다수의 주저들이 이미 한국어로 번역되어 널리 읽힌 바 있다.","로널드 드워킨 (지은이), 박경신 (옮긴이)"
9788994445847,"대한민국 의료혁명 - 2015, 다시 한국 의료의 길을 찾는다!","2015년 한국 의료는 의료 민영화 광풍과 성장 위주의 경제 발전 전략하에서 민영화.영리화의 길을 걷게 될지, 아니면 의료 공공성 강화의 탄탄대로로 접어들 것인지를 판가름하는 갈림길에 있다. 이런 조건 속에서 이 책은 '의료공급체계의 전면적 혁신', 이른바 '의료혁명'을 이야기하고자 한다.",전국보건의료산업노동조합 (엮은이)
9791186195178,그림 그리기 사전,"그림을 잘 그리기 위한 책이 아니라 즐겁게 그리기 위한 책이다. 이 책에는 동물, 식물, 사람은 물론이고 음식, 건물, 탈 것, 계절 등 2,000개가 넘는 그림이 들어 있다. 이 책 맨 뒤에 있는 ‘찾아보기’에서 그리고 싶은 목록을 찾기만 하면 된다.","미야타 치카 (지은이), 박혜연 (옮긴이)"
9788932317328,표절론 - 표절에서 자유로운 정직한 글쓰기,"학문을 하는 사람, 연구자, 학생, 기자, 그리고 자신의 생각을 글로 써서 발표하는 사람들이라면 누구나 읽어야 할 필독서가 나왔다. 지난 십여 년 간 우리 사회에 몰아친 표절을 둘러싼 광풍……. 그러나 그 숱한 논란 속에서도 문제 제기만 있고 해법은 없는 지루한 논쟁만 계속되어왔다.",남형두 (지은이)
9791185617329,세계 선사 문화의 이해 - 인류 탄생에서 문명 발생까지,"국제적으로 인정받는 세계 선사학 권위자 브라이언 페이건의 역사서. 인류 선사시대의 연구, 최초 인류의 세계, 현대 인류 세계의 탄생, 초기 문명들 순으로 구성했다.","브라이언 페이건 (지은이), 이희준 (옮긴이)"
9788972915782,군주론 - 제4판 개역본,마키아벨리 전공 학자가 번역에 참여한 &lt;군주론&gt;의 이탈리아어 원전 번역판이다. 마키아벨리는 <군주론>에서 정치 행위가 종교적 규율이나 전통적인 윤리적 가치로부터 자유로워야 한다고 주장해 근대 현실주의 정치사상을 최초로 주창한 인물로 평가받는다.,"니콜로 마키아벨리 (지은이), 강정인, 김경희 (옮긴이)"
9788952117229,논어 - 개정판,"공자가 제자들과 당시 사람들에게 응답한 것과 제자들이 서로 말을 주고받되 공자에게서 들은 것에 관한 말들의 기록이다. 자와 그의 집단에 관한 직접적인 기록이 모여 있으며, 다른 어떤 전적보다 공자와 그의 유가사상을 이해하는 데 중요한 자료다.",김학주 (옮긴이)
9788957333990,이성의 한계 안에서의 종교 - 개정판,이 책에 실린 네 편의 논고는 칸트가 이미 오랫동안 그의 도덕철학과 역사철학 저술을 통해 부분적으로 피력한 ‘철학적 종교론’의 중추를 보여준다. 특히 이 책은 &lt;판단력 비판&gt;의 후반부에서 이미 시도된 종교적 물음에 대한 답변을 완수했다는 데 큰 의미가 있는 저작으로 평가된다.,"임마누엘 칸트 (지은이), 백종현 (옮긴이)"
9788940804926,사진 - 제11판,초판이 출간된 지 30여 년이 지난 오늘날에도 여전히 전 세계에서 널리 읽히고 있는 사진의 이론과 기법을 총망라한 바이블이다. 사진의 모든 면을 보여 주는 이 책은 특히 기술과 시각적 인식을 강조한다.,"바버라 런던, 존 업턴, 짐 스톤 (지은이), 임수식, 신강욱 (옮긴이)"
9788997429486,식물혹 보고서,"식물혹은 식물의 일정 부위가 비정상적으로 커진 것을 말한다. 이것은 균, 진딧물, 응애, 파리, 벌 등 식물 조직에 기생하는 생물이 침입했을 때 주로 만들어지며, 식물 스스로 공격받은 부위를 격리시키는 방어기작으로 볼 수 있다.","임효순, 지옥영 (지은이)"
9791195072576,집단심리학과 자아분석,"국내 최초로 독일어 원전을 완역한 책으로, 1925년 판을 기초로 하여 2010년에 니콜 출판사에서 출간된 것을 번역의 대본으로 삼았다. 이 책은 개인심리에서 일어나는 변화를 토대로 집단심리를 설명하고 있다.","지크문트 프로이트 (지은이), 이상률 (옮긴이)"
9788957333976,라이프니츠와 아르노의 서신,대우고전총서 38권. 17세기 독일의 철학자 G. W. 라이프니츠와 프랑스의 신학자 A. 아르노가 1686년부터 1687년까지 2년간 주고받았던 서신 논쟁을 번역한 것이다.,"고트프리트 빌헬름 라이프니츠, 앙투안 아르노 (지은이), 이상명 (옮긴이)"
9788957333945,윤리형이상학 정초,"&lt;윤리형이상학 정초&gt;(1785)는 도덕철학을 주제로 한 칸트의 주요 저술 중 첫 번째 것으로, &lt;순수이성비판&gt;(1781, 1787)과 &lt;실천이성비판&gt;(1788) 사이에 출간된 것이다. 이 책은 &lt;실천이성비판&gt;과 내용과 소재가 매우 닮아 있는 자매관계를 이루고 있다.","이마누엘 칸트 (지은이), 백종현 (옮긴이)"
9788957333921,1차 세계대전의 기원 - 패권 경쟁의 격화와 제국체제의 해체,"대우학술총서 561권. 구조와 행위자라는 거시적 지평과 미시적 분석을 통해 1차 세계대전의 '기원'을 종합적으로 밝혀낸다. 대전의 기원이 되는 국제관계와 각국의 정치 사정을 두 개의 축으로 나누어 검토하고 있으며, '왜 1차 대전이 일어날 수밖에 없었는지'를 설득력 있게 제시한다.",박상섭 (지은이)
9791130471013,문해교육 : 파울로 프레이리의 글 읽기와 세계 읽기 (큰글씨책),브라질을 대표하는 세계적인 교육사상가이자 실천가인 파울로 프레이리의 대표 저작 중 하나다. 프레이리 문해교육의 이론과 실천을 가감 없이 보여 준다. 도날도 마세도가 프레이리를 직접 인터뷰하는 부분은 이 책의 백미다.,"파울루 프레이리, 도날도 마세도 (지은이), 허준 (옮긴이)"
9791185992044,"수업이 바뀌면 학교가 바뀐다 - 배움이 있는 수업만들기, 개정판",2006년 첫 번역출판 이래 지금까지 우리나라 대형서점에서 스테디셀러로 자리 잡고 있으며 교육학 전문서적으로 오랫동안 독자를 확보하고 읽히고 있는 책이다. 우리나라에서 실제 학교 수업사례 연구를 통한 구체적인 학교혁신의 토대가 마련되고 있는 가치와 보람에서 비롯되었다.,"사토 마나부 (지은이), 손우정 (옮긴이)"
9788961471947,자연 상징 - 우주론 탐구,"에번스프리처드, 클로드 레비스트로스, 클리퍼드 기어츠 등과 함께 현대의 가장 뛰어난 인류학자로 꼽히는 메리 더글러스의 대표작이다. 몸의 사회적 의미부터 종교 우주론에 이르기까지, 지적 논쟁에서 가장 쟁점이 되는 분야를 앞서 보여준다.","메리 더글러스 (지은이), 방원일 (옮긴이)"
9788968800139,수업 비평의 이론과 실제,교사 전문성 개발 총서 1권. 수업 비평에 대한 지난 10여 년간의 연구를 기반으로 수업 비평을 이론적으로 정립한 학술서이다. 수업 비평 개념을 학문적으로 정리하고 현장에서 적용할 수 있는 방법들을 안내하고 있다.,"이혁규, 엄훈, 심영택, 신지혜, 조용훈, 정재찬, 강성우, 나귀수, 김향정, 정정인, 김남수, 황세영 (지은이)"
9788962927429,중국 고전 읽는 법 - 고전 문헌을 읽고 이해하기 위한 고전 문언문 풀이집,"중국 고전 문헌을 읽기 위해 필요한 문언 한문 해석법을 알려주는 책. 이 책에서는 매 장마다 ‘고전 읽기’ 문장을 제시하여, 한 편의 완전한 이야기의 문장으로 그 장에서 배울 어법지식을 익힐 수 있도록 구성했다.","안희진, 이운부, 장소봉, 이옥평, 왕해평, 온민, 기릉운, 주니, 백종이 (지은이)"
9788997429295,행동생태학,"1981년 처음 발행된 이후 개정(1987, 1993, 2012)을 거듭하며 동물 행동 진화 연구의 방향타 역할을 해왔다. 19년 만의 개정판인 만큼 이번 네 번째 에디션은 그간의 연구 결과와 이론을 검토하고 훨씬 다양한 도판과 데이터를 수록했다.","니콜라스 B. 데이비스, 존 R. 크렙스, 스튜어트 A. 웨스트 (지은이), 김화정, 김창회, 장병순, 이진원, 남기백, 이윤경 (옮긴이)"
9788976824219,하이데거의 존재와 시간 강독,그린비 ‘철학의 정원’의 열아홉 번째 책. 하이데거 연구자인 박찬국 교수의 『존재와 시간』 해설서로서 『존재와 시간』 의 문맥을 세세하게 읽으며 철학 입문자들의 하이데거 이해를 돕고자 하는 취지에서 출간되었다.,박찬국 (지은이)
9788994445700,프레이리와 교육 - 해방의 교육자,"교육자 프레이리의 생애, 실천, 이론을 일목요연하게, 객관적으로 정리한 책이다. 파울로 프레이리, 그는 오늘날 지구촌에서 가장 유명하고 영향력 있는 교육자라 단언해도 지나치지 않을 것이다.","존 엘리아스 (지은이), 한국교육연구네트워크 (옮긴이)"
9788994054599,여권의 옹호,18세기 후반 계몽주의와 낭만주의의 영향으로 자유와 평등에 대한 요구가 드높았지만 여성은 여전히 남성의 부속물로 간주되고 있었다. &lt;여권의 옹호&gt;는 울스턴크래프트가 프랑스 혁명 후 삼부회 의원 탈레랑이 의회에 제출한 교육 법안에 반발하여 쓴 작품이다.,"메리 울스턴크래프트 (지은이), 손영미 (옮긴이)"
9788961961752,청소년을 위한 미술치료 - 사례를 통해 알아보는 미술치료 이론과 기법,"청소년 미술치료의 이론과 기법, 그리고 이를 적용한 사례들로 구성되었다. 현장의 생생한 이야기가 살아 있는 풍부한 사례들이 수록된 점이 이 책의 가장 큰 장점이다. 1장에서 3장은 미술치료의 이론과 발달적 관점, 청소년의 문제에 대해 다룬다.","주리애, 윤수현 (지은이)"
9788930316453,분석심리학 이야기,저자는 이 책을 융이 말년에 제자들과 함께 일반 대중을 위해 그의 사상을 쉽게 풀어 쓴 &lt;인간과 상징&gt;처럼 분석심리학설의 기본 개념에 대해 대중이 쉽게 이해할 수 있도록 에세이풍의 글들을 엮어서 만들었다.,이부영 (지은이)
9788976826060,포스트휴머니즘의 미학 - 예술과 기술 사이,"사이 시리즈 8권. 이 책은 뉴미디어 환경, 바이오테크놀로지의 혁신 등이 추동한 미적 감수성과 그 실천의 변화상을 인문학적 시각으로 고찰한다.",김은령 (지은이)
9788957333747,한국 현대 정치사상과 박정희,"해방 이후 지난 70년 동안 한국(남한)이 거둔 민주화와 산업화의 성공 및 통일국가의 미완성이라는 현실을 염두에 두면서 해방과 분단 이후 전개된 한국 현대정치의 이념적 흐름을 개관하고 그 특징을 추출하는 한편으로, 박정희가 남긴 정치적 유산의 ‘빛’과 ‘그림자’를 조명하는 책.",강정인 (지은이)
9788992307864,심리학의 원리 - 윌리엄 제임스가 한 권으로 간추린,미국의 ‘심리학의 아버지’로 일컬어지는 윌리엄 제임스가 그야말로 인간 심리가 작동하는 원리를 파고든 책이다. 2권짜리로 발표한 ‘심리학의 원리’가 너무 방대하다는 사실을 인정하고 대학교 강의 등에 활용하기 쉽도록 저자기 직접 한 권으로 간추린 것이 이 책이다.,"윌리엄 제임스 (지은이), 정명진 (옮긴이)"
9788994445663,어린이 자기행동숙달의 역사와 발달 2,비고츠키 선집 4권. 비고츠키는 우리가 개개인으로 겪은 유년기 경험들 사이의 불균등성과 다양성을 통합적인 이해로 초월할 수 있도록 도와준다. 비고츠키는 또한 발달의 급속성에 대한 놀라움을 넘어서서 이를 발달의 필연에 대한 명확한 인식으로 대체할 수 있도록 도와준다.,"레프 비고츠키 (지은이), 비고츠키 연구회 (옮긴이)"
9791130421155,스쿨 : 미국 공교육의 역사 1770~2000,미국 공교육이 시작된 1770년부터 2000년까지의 광범위한 역사를 생생하게 보여 준다. 복잡하고 어려운 이론보다 전문가 인터뷰를 통해 인물 중심으로 이야기를 전개한 것이 강점이다.,"세라 먼데일, 세라 B. 패튼 (지은이), 유성상 (옮긴이)"
9791130407036,페이지 원 (큰글씨책) - 뉴욕타임스와 저널리즘의 미래,다큐멘터리 [페이지원] 제작후기부터 힐러리 클린턴의 알 자지라에 대한 견해까지 저널리즘의 미래를 다양한 관점에서 제시한다. ≪뉴욕타임스≫와 그를 둘러싼 저널리즘의 미래는 우리나라의 언론 현실에 타산지석이 될 것이다.,"데이비드 폴켄플릭 (엮은이), 이상훈 (옮긴이)"
9791130421100,문해교육 : 파울로 프레이리의 글 읽기와 세계 읽기,브라질을 대표하는 세계적인 교육사상가이자 실천가인 파울로 프레이리의 대표 저작 중 하나다. 프레이리 문해교육의 이론과 실천을 가감 없이 보여 준다. 도날도 마세도가 프레이리를 직접 인터뷰하는 부분은 이 책의 백미다.,"파울루 프레이리, 도날도 마세도 (지은이), 허준 (옮긴이)"
9788967351168,고사성어 역사문화사전,우리 시대 고전의 대가 김원중 교수가 직접 가려 뽑고 해설한 500여 개의 고사성어. 이번에 제목을 바꾸고 내용을 보강하여 새롭게 출간된 김원중 교수의 『고사성어 역사문화사전』은 이 책의 역사만큼 여러 독자의 검증을 거쳤다.,김원중 (엮은이)
9788946048706,신자유주의 (반양장) - 간략한 역사,"1970년대 후반, 레이건·대처 등으로 상징되는 신자유주의 운동의 담지자들이 어떻게 국내·국제 정책에 있어 신자유주의적 질서를 주조했는지 알아보고 있는 책. &lt;모더니티의 수도 파리&gt;, &lt;자본의 한계&gt;등으로 국내 독자들에게 알려져 있는 진보적 지리학자 데이비드 하비의 저작이다.
","데이비드 하비 (지은이), 최병두 (옮긴이)"
9788997094523,"무기 바이블 3 - 현대 과학기술의 구현, 국내외 무기체계와 장비","매 연재 때마다 조회건수가 수십만이고 댓글이 최대 2,500여 개가 달리는 기록을 세우기도 한, 네이버캐스트의 인기 코너 ‘무기의 세계’에 연재하고 있는 글 중 일부를 모아 펴낸 것이다.","유용원, 남도현, 김대영 (지은이)"
9788968171338,공공성과 그 문제들,"한국연구재단 학술명저번역총서 서양편 734권. 공공성, 공중 그리고 국가의 기원과 작동방식을 정치철학적으로 고찰하고, 민주주의 공동체의 현실적인 조건을 밝힌다. 듀이는 자신의 정치.사회철학을 정립하기 위해 공공성 또는 공적인 것의 기원을 밝히는 데서 시작한다.","존 듀이 (지은이), 정창호, 이유선 (옮긴이)"
9788991847453,타타르키비츠 미학사 3 - 근대 미학,"15-17세기 미학의 역사를 다룬 타타르키비츠 미학사 3부작의 완결편이다. 타타르키비츠는 고대·중세·근대라는 세 시기의 미학을 아우르면서 미와 예술에 대해 시대를 넘나드는 귀중한 글을 쓴 것뿐만 아니라, 각 시대의 원전들에서 발췌한 인용문으로써 그것을 예증한다.","블라디슬로프 타타르키비츠 (지은이), 손효주 (옮긴이)"
9788970597362,도시 인간학 - 도시 공간의 통합 기호학적 연구,한국 기호학계를 대표하는 세계적인 기호학자 김성도 교수의 신간이 나왔다. 현재 세계기호학회 집행 위원이자 세계 최고의 기호학 학술지인 &lt;세미오티카&gt;지의 편집위원인 저자의 지난 8년간의 연구 성과가 고스란히 녹아 있다.,김성도 (지은이)
9791130400600,페이지 원 - 뉴욕타임스와 저널리즘의 미래,다큐멘터리 [페이지원] 제작후기부터 힐러리 클린턴의 알 자지라에 대한 견해까지 저널리즘의 미래를 다양한 관점에서 제시한다. ≪뉴욕타임스≫와 그를 둘러싼 저널리즘의 미래는 우리나라의 언론 현실에 타산지석이 될 것이다.,"데이비드 폴켄플릭 (엮은이), 이상훈 (옮긴이)"
9788974836559,어용사전 - 국민과 인민을 구별하지 못하는 사람을 위한 철학적 인민 실용사전,"착취 현실을 은폐하는 조작된 ‘어용 단어’들을 노동자의 관점에서 재해석한 용어사전이다. 또한 국가주의의 객체로 국가의 지배를 받는 ‘국민’이 아니라, 민주주의의 주체인 ‘인민’의 관점에서 ‘어용 단어’들을 재해석한 철학적 실용사전이다.",박남일 (지은이)
9788932472324,수학의 역사,고대 그리스의 수학자 피타고라스에서부터 수학의 무모순성을 뒤흔든 괴델과 알고리즘의 창시자 앨런 튜링에 이르기까지 2500년에 걸친 수학의 역사에서 가장 획기적인 열 가지 이론과 수학의 발전에서 주역을 맡았던 수학자들의 뒷이야기를 파헤친다.,"데이비드 벌린스키 (지은이), 김하락, 류주환 (옮긴이)"
9788997429394,나무 병해충 도감,"나무 107종에서 발생하는 병해충 501종 소개하는 책. 이 책은 공원, 가로수, 아파트, 정원 등 생활 주변의 나무에서 발생하는 질병과 해충을 소개하고 치료와 방제방법을 제시했다.","이상길, 문성철 (지은이)"
9788958627012,그림책 읽는 즐거운 교실 2 - 그림책으로 꽃피우는 국어 수업 이야기,"전국초등국어교과모임 선생님들이 아이들과 함께 했던 그림책 수업을 갈무리한 것이다. 2권에서는 초등 국어과 교육과정과 연계하여, 아홉 가지를 가려 뽑아 이를 그림책으로 어떻게 수업할 수 있는지를 안내하고 있다.",전국초등국어교과모임 (엮은이)
9788957333518,문화와 폭발,아카넷 한국연구재단 학술명저번역총서 제562권. 모스크바-타르투 학파의 수장이자 문화기호학의 창시자로 알려진 유리 로트만의 &lt;문화와 폭발(Kultura i vzryv)&gt;(1992)을 우리말로 옮겼다.,"유리 로트만 (지은이), 김수환 (옮긴이)"
9788959402861,대한민국에서 반드시 알아야 할 노동법 150 - 4판,꼭 알아야 할 노동법 130개 항목을 담았던 &lt;대한민국에서 반드시 알아야 할 노동법 130&gt;의 세 번째 개정판이다. 이 책은 ‘법’ 하면 골치부터 아파하는 일반인들을 위해 공인노무사가 직접 상담한 사례와 쉽고 실용적으로 활용할 수 있는 법 해석을 담았다.,"김동재, 김웅수 (지은이)"
9788957333556,지식인과 사회 - 스코틀랜드 계몽운동의 역사,스코틀랜드 지식인운동이 어떻게 19세기 영국문화를 주도하고 유럽문화에까지 영향을 미칠 수 있었는지를 살핀다. 정치적.경제적으로 열등한 나라의 지식인들이 어떻게 중심부 문화의 주류가 될 수 있었는지를 성찰하고 있다.,이영석 (지은이)
9788968800085,이야기와 놀이가 있는 수학 시간 1,"초등학교 전 학년에 해당하는 수학 교육과정을 10개의 주제 영역(자연수, 자연수의 덧셈과 뺄셈, 자연수의 곱셈과 나눗셈, 분수, 소수, 도형, 측정, 규칙성, 통계와 확률, 여러 가지 문제 해결)으로 나누어 구성했다.",조성실 (지은이)
9788930087520,루이 14세와 베르사유 궁정,"'나남 클래식 산책' 2권. 이영림이 다시 엮은 &lt;루이 14세와 베르사유 궁정&gt;은 작고 가벼운 장정, 부담스럽지 않은 두께와 함께 원전의 순서에 얽매이지 않은 파격적인 구성으로 일반 독자들에게 더욱 흥미롭고 읽기 쉽게 다가간다.","생시몽 (Louis de Rouvroy) (지은이), 이영림 (옮긴이)"
9791195163809,맨발의 학자들 - 동남아 전문가 6인의 도전과 열정의 현지조사,"동남아시아라는 여전히 낯선 곳에서 뿌리를 내리며 살며 온갖 어려움을 극복하고 적응하면서, 그곳의 가장 첨예한 문제들을 건드리며 연구하고 박사학위 논문을 쓴 동남아 전문가 6인의 생생한 체험담을 담아낸 결과물이다.","전제성, 김형준, 홍석준, 황인원, 채수홍, 이상국 (지은이)"
9788997094479,KODEF 군용기 연감 : 2014~2015,"세계 각국의 군용기에 대한 정보를 사진과 함께 정리한 자료집으로, 이전에 두 차례에 걸쳐 출간한 군용기 연감의 최신 개정판이다. 본문에서는 대한민국 공군의 분류법을 차용하여 고정익 군용기를 전투임무기, 공중기동기, 감시통제기, 훈련기로 분류했다.",양욱 (지은이)
9788991799943,정신과 의사가 들려주는 마음의 병 23가지,"우울증, 알코올 중독 등 23가지 심리 질환의 증상과 원인과 치료법을 차근차근 알려주는 안내서다. 몸이 그러하듯 마음도 적신호를 보내면 바로 돌보아야 한다. 이 책은 마음에 이상 신호가 왔을 때 무엇을 점검하고 어떻게 대처해야 하는지 명확한 기준을 제시해준다.","보르빈 반델로 (지은이), 김태희 (옮긴이)"
9788957333501,정신병리학 총론 4,초판이 출간된 지 100년이 넘어감에도 여전히 정신의학의 기본 문헌이자 이정표가 되는 저작으로 가치를 인정받는 고전이다. 책은 정신과(科) 영역의 무수한 현상과 증상을 특정 학설에 치우치거나 집착하지 않고 현상학적으로 기술·정의·분류하고 있다.,"카를 야스퍼스 (지은이), 송지영, 김린, 송하석, 홍성광, 이재황, 윤순식, 양태규, 홍성기 (옮긴이), 정신병리문헌연구회 (감수)"
9788957333495,정신병리학 총론 3,초판이 출간된 지 100년이 넘어감에도 여전히 정신의학의 기본 문헌이자 이정표가 되는 저작으로 가치를 인정받는 고전이다. 책은 정신과(科) 영역의 무수한 현상과 증상을 특정 학설에 치우치거나 집착하지 않고 현상학적으로 기술·정의·분류하고 있다.,"카를 야스퍼스 (지은이), 송지영, 김린, 송하석, 홍성광, 이재황, 윤순식, 양태규, 홍성기 (옮긴이), 정신병리문헌연구회 (감수)"
9788957333471,정신병리학 총론 1,초판이 출간된 지 100년이 넘어감에도 여전히 정신의학의 기본 문헌이자 이정표가 되는 저작으로 가치를 인정받는 고전이다. 책은 정신과(科) 영역의 무수한 현상과 증상을 특정 학설에 치우치거나 집착하지 않고 현상학적으로 기술·정의·분류하고 있다.,"카를 야스퍼스 (지은이), 송지영, 김린, 송하석, 홍성광, 이재황, 윤순식, 양태규, 홍성기 (옮긴이), 정신병리문헌연구회 (감수)"
9788960513730,사전론,"사전은 사회 수요의 산물이자 사회의 거울이다. 사회가 발달하고 지식의 분화가 날로 가속화되는 시대에, 다양한 정보를 판별하고 체계화하여 사람들이 편리하게 활용할 수 있도록 하는 사전의 역할은 그 어느 때보다 중요해졌다.","황지엔화 (지은이), 박형익, 차이쯔용 (옮긴이)"
9788994054490,유년기와 사회 - 유년기의 사회적 의미를 다룬 발달심리학의 고전,"퓰리처상 수상작가 에릭 H. 에릭슨의 대표작. 개인의 성장과 역사적 변천의 상호 관련성에 대한 그의 통찰과, 이제는 너무나 유명해진 정체성, 성장 그리고 생애 주기의 개념은 우리 자신과 사회를 인식하는 방법을 완전히 바꾸어놓았다.","에릭 에릭슨 (지은이), 송제훈 (옮긴이)"
9788997760671,인간이란 무엇인가,"다양한 상담사례, 인간에 대한 깊은 관심과 통찰, 솔직한 자기 고백, 가식을 모르는 정직함으로 '가면' 뒤의 참된 나를 발견하도록 인도하는, ‘20세기 기독교가 가장 사랑한 상담자’ 폴 투리니에의 최고 역작.","폴 투르니에 (지은이), 강주헌 (옮긴이)"
9788997429325,한국 식물 생태 보감 1 (양장) - 주변에서 늘 만나는 식물,"서식처 중심으로 풀어낸 식물생태도감. 식물도감이 넘쳐난다. 그런데 아쉽다. 말쑥한 식물사진을 기념사진처럼 넣고, 요모조모 생김새만 설명하기 때문이다. 이른바 형태도감에 머물 수밖에 없는 데에는 이유가 있다.",김종원 (지은이)
9788966186617,"Color Design Book - 도시 속 컬러를 읽다, 최신개정판","2007년 출간된 &lt;Color Design Book&gt;의 최신 개정판으로 디자인을 공부하는 학생부터 실무를 하고 있는 디자이너까지 색을 이용하는 디자이너라면 필요한 색의 이론부터 실무 활용, 배색까지 쉽게 배울 수 있도록 구성하였다.",박명환 (지은이)
9788974836269,"리씽킹 서울 - 도시, 과거에서 미래를 보다","서울에서 버려지고 지워진 역사·문화자원과 커뮤니티에 대한 보존과 개발의 균형전략을 담은 책이다. 더 이상 대규모 철거 후 재개발이 아닌, 작은 개발·착한 개발·공정한 개발을 통해 지역 커뮤니티 보전과 지역 활성화, 양자의 조화를 이루는 방법을 고민한다.","김경민, 박재민 (지은이)"
9788960774940,만화와 함께 하는 즐거운 통계학,"통계의 기본을 만화로 정리한 책이다. 흥미진진한 캐릭터들이 통계를 통해 자신의 문제를 해결해 나가는 과정을 따라가다 보면, 통계가 왜 필요한지, 어떻게 사용되는지를 단편적인 지식에 머무르지않고 전체적인 맥락 속에서 확인할 수 있을 것이다.","그래디 클라인, 앨런 대브니 (지은이), 최화정 (옮긴이)"
9788930086585,영혼에 관한 토론문제,"이 책은 한마디로 ‘지성혼’에 대한 해명을 통한 토마스 아퀴나스의 ‘인간본성론’이자, 그의 존재 형이상학과 밀접하게 연관된 형이상학적 인간학의 영역이다. 이 책은 토마스 아퀴나스의 인간관과 이를 기반으로 하는 모든 논의를 이해하는 데 필수적인 저작이다.","토마스 아퀴나스 (지은이), 이재룡, 이경재 (옮긴이)"
9788994452234,"일곱 계절의 정원으로 남은 사람 - 정원 왕국의 칼 대제, 푀르스터를 만나다","'꽃의 제왕, 정원 왕국의 칼 대제, 독일 정원의 아버지'로 불리는 독일의 숙근초 육종가이자 정원사이며 작가였던 칼 푀르스터가 생전에 썼던 27권의 책과 수백 편의 에세이, 수만 통의 편지 중에서 가장 핵심적인 글을 선별하여 엮은 에세이 모음집이다.","칼 푀르스터 (지은이), 고정희 (옮긴이)"
9788994452241,내 아버지의 정원에서 보낸 일곱 계절 - 칼 푀르스터의 정원을 가꾼 마리안네의 정원 일기,"'꽃의 황제, 정원 왕국의 칼 대제, 독일 정원의 아버지' 등으로 불리는 칼 푀르스터의 외동딸 마리안네 푀르스터가 독일 포츠담에 있는 보르님 정원을 일곱 계절 동안 가꾸며 쓴 정원 일기다.","마리안네 푀르스터 (지은이), 고정희 (옮긴이)"
9788932024677,"왜 오스트리아 모델인가 - 합의와 상생, 융합과 재창조의 국가모델","중도통합형 국가모델 오스트리아에 관한 종합적 연구서. 안병영 저자는 체제 전체를 포괄하는 통합모형으로서 ‘오스트리아 국가모델’을 상정하고, 정치·경제·사회 및 문화의 여러 학문 영역을 넘나들며 폭넓은 논의를 펼치고 있다.",안병영 (지은이)
9788952114457,크리스토퍼 콜럼버스 - 종말론적 신비주의자,"지구의 형상에 대해 정확한 지식을 지니고 있지 않았던 콜럼버스의 시대에, 오직 풍력에만 의존하는 범선을 타고 수평선 너머의 다른 대륙을 향해 돌진하는 것은 죽음을 각오한 지극히 위험한 일이었다. 이는 단순한 명예욕이나 탐욕, 출세욕만으로는 가능하지 않은 것이다.",주경철 (지은이)
9788935664313,시민사회와 정치이론 2,"한길그레이트북스 128권. 시민사회 이론가 진 L. 코헨과 앤드루 아라토는 이 책에서 서구의 민주주의가 더 민주화될 수 있는 방법은 없는가, 서구 자본주의의 시행착오를 반복하지 않으면서 권위주의에서 민주주의로 이행할 수 있는 방법은 무엇인가라는 질문을 제기한다.","진 L. 코헨, 앤드루 아라토 (지은이), 박형신, 이혜경 (옮긴이)"
9788935664306,시민사회와 정치이론 1,"한길그레이트북스 127권. 시민사회 이론가 진 L. 코헨과 앤드루 아라토는 이 책에서 서구의 민주주의가 더 민주화될 수 있는 방법은 없는가, 서구 자본주의의 시행착오를 반복하지 않으면서 권위주의에서 민주주의로 이행할 수 있는 방법은 무엇인가라는 질문을 제기한다.","진 L. 코헨, 앤드루 아라토 (지은이), 박형신, 이혜경 (옮긴이)"
9788930087193,적응과 자연선택 - 현대의 진화적 사고에 대한 비평,"진화심리학자 전중환 교수에 의해 우리말로 번역되었다. 왜 이 책이 그토록 중요한가? 이 책은 유전자의 눈 관점, 즉 복잡한 적응은 오직 유전자의 이득을 위해 진화했다는 새로운 시각을 제안함으로써, 현대 생물학에 우뚝 솟은 고전이 되었기 때문이다.","조지 C.윌리엄스 (지은이), 전중환 (옮긴이)"
9788990809575,자유로서의 발전,"아시아 최초로 노벨 경제학상을 수상한 경제학의 ‘마더 테레사’, 아마티아 센. 그가 평생에 걸쳐 추구한 웅대한 문제의식의 결정판으로서, 민주주의와 자유의 확장이야말로 진정한 발전의 목표임을 실증적으로 밝혀내고 있다.","아마르티아 센 (지은이), 김원기 (옮긴이), 유종일 (감수)"
9788976824066,"들길의 사상가, 하이데거","'그린비 인물시리즈 he-story' 9권. 이 책은 현대 철학의 거대한 뿌리이자, 난해함으로 악명 높은 하이데거의 철학을 높은 산에서 바라보듯 넓은 시야에서 하이데거의 사상을 소개하고 있다.",박찬국 (지은이)
9788935662623,사고와 언어,한국연구재단 학술명저번역총서 서양편 80번째 책. 실험 심리학에서 가장 난해한 문제 중 하나인 사고와 언어의 발생적 관계를 다루고 있다. 이 책의 내용은 크게 두 개의 실험적 연구로 구성되어 있다.,"레프 세묘노비치 비고츠키 (지은이), 이병훈, 이재혁, 허승철 (옮긴이)"
9788966185993,유럽여행 핵심사전 500 - 꼭 보자! 먹자! 즐기자!,유럽을 가기 전 어떤 곳을 가서 무엇을 하고 즐겨야 하는지를 일목요연하고 명쾌하게 알려준다. 유럽을 대표하는 각 나라와 도시별로 그곳이 어떤 곳이고 숨어 있는 여행 매력이 무엇인지를 알려주고 계절별 축제와 일정에 맞게 코스를 어떻게 잡아야 하는지를 친절하게 담아냈다.,김후영 (지은이)
9788964450710,현대 중국의 학술운동사 - 베이징 대학 연구소 국학문(國學門)을 중심으로,국민대학교 중국인문사회연구소 번역 총서 4권.  베이징 대학 연구소 국학문을 중심으로 민국 이후 중국의 학술연구기구가 제도화되는 과정과 이와 관련된 일련의 학술문제에 대해 깊이 있게 논의하고 있다.,"천이아이 (지은이), 박영순 (옮긴이)"
9788984353244,"조지 케넌의 미국 외교 50년 - 세계대전에서 냉전까지, 20세기 미국 외교 전략의 불편한 진실","1,2차 세계대전과 냉전을 관통하는 현대사의 격동을 현장에서 지켜보고 국제 정세의 흐름을 주도하며 한 시대를 풍미한 ‘제국의 책사’ 조지 케넌의 강연과 논문을 모은 전설의 고전이다. 입에서 입으로, 소문으로는 익히 알려진 명저이지만 한국어판으로는 최초다.","조지 F. 케넌 (지은이), 유강은 (옮긴이)"
9788931576696,지금은 섹스를 배울 시간 - 만지고 느끼고 사랑하고 성장하라,섹스의 성장에 관한 책이다. 저자는 “섹스가 성장하면 지금과는 다른 엄청난 성적 쾌감이 기다리고 있고 진정한 성적 만족을 할 수 있는데도 그것을 알지 못한다”고 안타까워한다. 책은 변화의 조짐이 느껴질 때 어떻게 성장해야 하는지 그 방법을 알려줄 것이다.,조명준 (지은이)
9788986377477,색채의 상호작용,"주변의 조건이나 배경색에 따라 상대적으로 다르게 지각되는 색채의 성질에 관한 독창적 아이디어를 토대로, 이론보다는 실습을 전면에 내세운 색채 학습법을 풍부한 컬러 도판과 함께 제시한다.","요제프 알버스 (지은이), 변의숙, 진교진 (옮긴이)"
9788994054407,실크로드 - 문명의 중심,"중국 역사 전문 학자 프랜시스 우드의 역작. 5천 년 이상을 넘나들며, 대영박물관과 다른 나라의 박물관에 소장된 유물들을 풍부하게 보여주는 이 책은 실크로드의 역사와 문화의 전체적인 그림들을 소개하고 있다.","프랜시스 우드 (지은이), 박세욱 (옮긴이)"
9788997094370,"무기 바이블 2 - 현대 과학기술의 구현, 국내외 무기체계와 장비","매 연재 때마다 조회건수가 수십만이고 댓글이 최대 2,500여 개가 달리는 기록을 세우기도 한, 네이버캐스트의 인기 코너 ‘무기의 세계’에 연재하고 있는 글 중 일부를 모아 펴낸 것이다.","유용원, 남도현, 김대영 (지은이)"
9788994769127,프레카리아트를 위한 랩소디 - 기호자본주의의 불안정성과 정보노동의 정신병리,"&lt;노동하는 영혼&gt;, &lt;봉기&gt;, &lt;미래 이후&gt; 등을 통해 전 세계의 지성계에서 많은 주목을 받고 있는 이탈리아 최고의 미디어 이론가 프랑코 베라르디 '비포'의 신작.","프랑코 베라르디 비포 (지은이), 정유리 (옮긴이)"
9788932023793,라캉 정신분석의 핵심 개념들,"'현대의 지성' 150권. 여덟 명의 정신분석가들이 라캉 이론의 여덟 가지 핵심 개념을 추려 심도 있게 분석한 연구서로, 라캉 개념들이 저서를 통해 발전해온 방식, 그리고 그것이 어떻게 임상적이거나 사회문화적인 쟁점들과 관련되었는지를 다룬다.","대니 노부스 (엮은이), 문심정연 (옮긴이)"
9788997712052,국제 정치이론과 좀비,국제정치에 대한 다양한 이론들을 좀비의 등장에 대처하는 가상의 이야기로 재미있게 풀어낸 국제정치학 입문서이다. 다소 고루할 수 있는 국제정치학의 무대에 좀비를 떡 하니 등장시켜 국제정치 이론을 더욱 현실감 있게 풀어내고 있다.,"대니얼 W. 드레즈너 (지은이), 유지연 (옮긴이)"
9788972976875,한국건축개념사전,"우리 건축의 개념을 해석하고 담론을 형성해 주는 도서로, 전통건축은 물론 근.현대건축을 한 흐름 속에서 입체적으로 접근하고 있다. 표준국어대사전을 뒤져가며 가능한 전문용어나 학계에서 통하는 단어 사용을 최소화하고 쉬운 글이 되도록 했다.",한국건축개념사전 기획위원회 (엮은이)
9788994054353,니체: 문학으로서 삶,"니체와 고대 철학의 권위자이며, 프린스턴 대학 인문학 석좌교수인 알렉산더 네하마스가 쓴  &lt;니체: 문학으로서 삶&gt;은 여러 나라 언어로 번역되어 널리 읽히고 있는 니체 연구의 고전이다. 건국대 김종갑 교수에 의해 새롭게 개정 출간되었다.","알렉산더 네하마스 (지은이), 김종갑 (옮긴이)"
9788972915386,라틴 아메리카와 카리브 해 - 주제별 분석과 지역적 접근,"자연환경과 환경 관련 이슈, 문화 및 역사 지리학, 인구학, 경제 지리학, 세계화 등 다양한 주제를 다루는 한편 라틴 아메리카를 지역별로 살펴봄으로써, 라틴 아메리카를 하나의 “지역”으로서 본격적으로 다루었다.","브라이언 W. 블루엣, 올린 M. 블루엣 (지은이), 김형주, 강문근, 김희순 (옮긴이)"
9788967350468,한문 해석 사전 - 허사虛辭 900개로 익히는 한문 해석의 모든 것,김원중 교수가 2003년 편찬한 &lt;허사대사전&gt;을 기본 틀로 하면서 적지 않은 수정과 보완 작업을 새롭게 하여 한문해석의 수요에 새롭게 부응한 전명개정판이다.,김원중 (지은이)
9788931007329,군중심리,"군중의 심리를 일찍이 간파한 이들은 손쉽게 군중의 지배자가 될 수 있다. 세계의 모든 지배자와 저명한 정치가들, 소규모 인간 집단의 우두머리들,  그들은 어리석고 우매한 군중의 심리를 본능적으로 확실하게 알고 있는 무의식적 심리학자들이었다.","귀스타브 르 봉 (지은이), 이재형 (옮긴이)"
9788956451688,중국사상사 - 7세기 이전 중국의 지식과 사상 그리고 신앙세계,"중국의 '일반 지식과 사상, 그리고 신앙세계'를 연구하고 서술한 책이다. 기존의 중국 철학사가 엘리트 중심의 '지식사'에 머물고 있었다고 한다면 이 책은 진정한 의미의 철학사, '사상사'의 선구자라고 할 수 있다.","거자오광 (지은이), 오만종, 심규호, 이등연, 양충렬 (옮긴이)"
9788962923711,시집살이 이야기 집성 세트 - 전10권,"현장에서 만난 삶의 문학, 삶의 철학. 아내로서, 며느리로서, 그리고 한 인간으로서의 삶. 고난과 인내의 세월을 살아온 주인공들의 증언, 그 생생한 이야기를 담았다. 시집살이 구술자료 총서인 '시집살이 이야기 집성'은 전 10권으로 이루어져 있다.","신동흔, 최원오, 서영숙, 김예선, 김정경, 김경섭, 김영희, 김종군, 박경열, 김귀옥, 김경희, 김명수 (지은이)"
9788965452102,도서관인물 평전 - 도서관사상의 궤적,"도서관을 시민사회의 사회적 기관이자 만인을 위한 ‘민중의 대학’으로 만드는 데 일조한 국내외 도서관인물 20인을 다룬 평전으로, 도서관인물을 통해 도서관사상과 도서관운동을 소개하며 빼곡한 장서로 가려진 도서관의 숨겨진 정신을 읽어주는 책이다.",이용재 (지은이)
9788961471732,법이론,"'법이란 무엇인가?' '합리적 공동체란 어떤 것이어야 하는가?'에 대한 노철학자의 마지막 대답이다. 칸트는 이 책에서 법과 도덕의 관계, 자연법과 실정법, 사회계약 등 법과 공동체와 관련해 우리가 생각할 수 있는 모든 주제를 다루고 있다.","이마누엘 칸트 (지은이), 이충진 (옮긴이)"
9788997620913,서태평양의 항해자들,20세기 인류학분야 최고의 고전으로 꼽히는 말리노브스키의 &lt;서태평양의 항해자들&gt; 한글 완역본. 이 책의 많은 내용은 우리로 하여금 현대의 자본주의적 삶에서 우리가 잃어버린 가치와 의미에 대해서 다시 한번 깊게 생각해 볼 수 있는 기회를 제공한다.,"브로니스라브 말리노브스키 (지은이), 최협 (옮긴이)"
9788979869415,"소요유, 장자의 미학 - 중국편",‘동아시아 미학과 예술에 관심 있는 사람이라면 혼자서 읽을 수 있는 번역’을 목표로 번역된 동아시아 예술미학 총서 네 번째 권. 저자인 왕카이는 먼저 서양의 유희설과 연관시켜 논의를 진행하기 시작한다.,"왕카이 (지은이), 신정근, 강효석, 김선창 (옮긴이)"
9788979869408,"의경, 동아시아 미학의 거울 - 중국편",‘동아시아 미학과 예술에 관심 있는 사람이라면 혼자서 읽을 수 있는 번역’을 목표로 번역된 동아시아 예술미학 총서 세 번째 권. 이 책은 고대 중국의 문학/예술/미학의 핵심 범주 중 하나인 ‘의경意境’을 분석해낸 탁월한 해설서이다.,"푸전위안 (지은이), 신정근, 임태규, 서동신 (옮긴이)"
9788979869392,"중국 현대 미학사 - 중국 근현대 사상가 11인의 심미적 사유, 중국편",‘동아시아 미학과 예술에 관심 있는 사람이라면 혼자서 읽을 수 있는 번역’을 목표로 번역된 동아시아 예술미학 총서 두 번째 권. 이 책은 통상적인 중국미학사가 끝나는 시점인 명청시대를 뒤이어 서술을 이어나간다.,"장치췬 (지은이), 신정근, 송인재, 안인환 (옮긴이)"
9788994445366,비고츠키와 인지 발달의 비밀 - 문화역사적 이론의 탄생,"비고츠키의 문화역사적 이론을 체계적으로 이해하는 데 좋은 디딤돌이 될 수 있는 책이다. 인간의 인지, 정신, 의식이라는 것이 역사 과정을 통해 인간과 인간의 관계에서 기원하고, 문화적 도구를 사용하면서 형성된다는 것을 쉽게 설명하고 있다.","알렉산더 로마노비치 루리야 (지은이), 배희철 (옮긴이)"
9788994445359,어린이 자기행동숙달의 역사와 발달 1,'비고츠키 선집' 3권. 어린이의 문화적 발달에 대한 비고츠키의 견해를 가장 완성된 형태로 서술하고 있다고 평가받는 비고츠키 저작물의 완역본. 이 책은 발달 이론과 인간답게 된다는 것이 어떤 것인가에 대한 관점을 제시해 준다.,"레프 세묘노비치 비고츠키 (지은이), 비고츠키 연구회 (옮긴이)"
9788931701913,C로 배우는 알고리즘 2,"알고리즘의 기본 개념과 용어를 쉽게 풀이하고 기본적인 자료구조에서어려운 자료구조에까지 그 원리와 C로 구현함에 있어서의 문제점을 상세히 소개하였다. C 문법책을 보았지만 어떻게 프로그램을 작성해야 할지 잘 모르는 초급자, 알고리즘의 벽을 넘지 못한 중급자에게 적당한 책이다.",이재규 (지은이)
9788930620567,심리철학 - 초보자 안내서,"심리철학이라는 주제를 공부하려는 입문자를 대상으로 한 책이다. 심리철학의 12개 핵심 영역을 다루고 있으며 각 장마다 주요 내용을 요약하고 있는 한편, 더 읽을거리와 토론거리를 포함하고 있는 이상적인 심리철학 교과서라 할 수 있다.","라벤스크로프트 (지은이), 박준호 (옮긴이)"
9788930621175,하이데거의 &lt;존재와 시간&gt; 입문,"하이데거의 &lt;존재와 시간&gt;은 가장 영향력이 크고 많은 논란을 불러온 20세기 철학 저술들 중 하나로, 독자들에게 수많은 새로운 개념들과 용어들을 소개한다. 블라트너 교수가 수년 동안 강의하면서 토론하고 연구한 것을 바탕으로 펴낸 책이다.","W. 블라트너 (지은이), 한상연 (옮긴이)"
9788964211250,천재 수학자 스튜어트의 호기심 캐비닛,영국의 수학자 이안 스튜어트가 어린 시절부터 혼자 적어 두었던 수학의 흥미꺼리들을 바탕으로 수학의 다양한 지식과 퍼즐들을 들려주는 책이다.,"이안 스튜어트 (지은이), 김영희 (옮긴이)"
9788954619974,“typEmotion” - 문자학의 정립을 위하여,"'스투디움' 총서 1권. 오늘날 디지털 영상시대에 문자란 무엇인가. 문자의 운명은 어떻게 전개될 것인가. 말과 문자 사이의 이 오랜 철학적, 문학적 담론은 어떻게 진행되어왔는가. 이 책은 문자가 단순히 말을 기록하는 수단이 아님을 고스란히 담고 있다.",정항균 (지은이)
9788960712751,국가의 탄생 - 근대국가의 중세적 기원,"방대한 사료 분석과 역사적 사례의 해석이 퍼즐처럼 맞추어진 이 책은 100여 쪽에 불과하지만, ‘정치 과정’(political process)이라는 관점에서 중세 말 이후의 정치적 의사결정 과정을 치밀하게 다루고 있다.","조지프 R. 스트레이어 (지은이), 중앙대학교 서양중세사연구회 (옮긴이)"
9788958625599,배달말 가르치기,"배달말을 가르치는 노릇으로 평생을 살아온 저자가, 배달말 가르치기(국어 교육)에 대한 그의 생각과 철학과 방법 등을 밝혀 놓은 책이다. 배달말 가르치기의 목표와 내용과 방법 등을 깊이 있게 다루면서도, 현장의 국어 선생님들 누구나 쉽게 읽을 수 있다.",김수업 (지은이)
9788971803479,기계의 신화 2 : 권력의 펜타곤,"거대기계는 적어도 미국에서는 유혹적인 “뇌물” 같은 것에 기초한다. 유혹적인 뇌물이란, 만약 개인이 체제에 대해서 확실한 충성을 한다면 그는 거대기술의 풍요로움이라는 특권과 기쁨을 누릴 기회를 가질 수 있다는 것이다.","루이스 멈포드 (지은이), 김종달 (옮긴이)"
9788989831778,"탄소, 사고팔 준비가 되었나요? - 기후변화 대응의 첫출발, 온실가스 배출권 거래제","배출권 거래제 법안 초안 작성부터 국회에서 통과되기까지 온실가스 감축 정책을 주도적으로 추진했던 녹색성장위원회 기후변화대응팀의 고민과 노력으로 만들어낸 한국형 배출권 거래제의 추진 배경, 주요 내용 등 모든 것이 담겨있다.","박천규, 정도현, 김병훈 (지은이)"
9788934960294,"이두시신평 - 李杜詩新評, 개정판","한시사상 가장 위대한 천재들인 이백과 두보의 시를 싱그러운 우리말로 옮기고 부연과 평설, 주석은 물론 시인들의 평전과 연보, 그리고 인간적 성격에서 시의 특징까지 모든 면모를 비교하는 자료들을 수록했다.",손종섭 (지은이)
9788931007183,모방의 법칙 - 사회는 모방이며 모방은 일종의 몽유 상태다,사회의 숨겨진 원리를 '모방'으로 밝혀낸 가브리엘 타르드의 대표적 저작. 흔히들 모방을 창조의 어머니라 부른다. 사람들은 은연중에 자신보다 더 훌륭하고 위대한 것을 베끼고 훔친다. 그래서 모방을 통한 창조의 힘을 얻고자 하는 경향이 강하다.,"가브리엘 타르드 (지은이), 이상률 (옮긴이)"
9788994054285,사회생물학과 윤리 - 출간 30주년 기념판,&lt;동물 해방&gt;을 잇는 피터 싱어의 고전적 저작. 그는 이 책에서 혈연과 공동체의 성원들을 보호하려는 유전적 토대를 가진 이타성에서 윤리의 기원을 찾아볼 수 있다고 주장한다. 하지만 그에 따르면 이러한 이타성이 곧 윤리는 아니다.,"피터 싱어 (지은이), 김성한 (옮긴이)"
9788994445304,혁신교육 존 듀이에게 묻다 - 듀이 실험학교와 우리 혁신학교의 이론적 연결 뿌리,"혁신학교가 교육을 획기적으로 바꿔나가고 있다. 수업에서 교육과정까지, 업무 경감에서 소통 수립까지, 조직문화에서 학교문화까지 실로 다양한 변화를 목도하고 있다. 하지만 왜 그렇게 바꿔야 할까, 그 길이 진정 바람직한 걸까에 대한 고민은 깊어진다.",서용선 (지은이)
9788935703623,무경계 - 나는 누구인가에 관한 동서고금의 통합적 접근,"정신분석에서 선불교에 이르기까지, 실존주의에서 탄트라에 이르기까지, 동서양의 여러 심리학적 접근과 기법, 치료법을 두루 안내해주는 간결하면서도 포괄적인 지침서이다. 켄 윌버는 인간 의식의 전모를 쉽게 파악하도록 도와준다.","켄 윌버 (지은이), 김철수 (옮긴이)"
9788963720685,가르친다는 것 - 교실을 살리기 위해 애쓰는 모든 교사들에게,"많은 사람들이 선하고 숭고한 이유로 교직에 들어서지만, 초심을 떠올리기가 점점 어려워진다. 그럼 어떻게 해야 할까? 우리는 평생토록 교실을 바꾸고 교육을 살리기 위해 애써온 교사 에어스가 들려주는 현장 이야기에서 해답을 찾을 수 있다.","윌리엄 에어스 (지은이), 홍한별 (옮긴이)"
9788963720692,가르친다는 것 (만화) - 교실을 살리기 위해 애쓰는 모든 교사들에게,만화는 에세이를 바탕으로 학생들이 입학에서 졸업할 때까지 일 년 동안의 여정을 담아 글로 표현하기 힘든 내용을 함축해서 나타냈다. 이는 내용을 쉽게 전달하는 차원을 넘어 새로운 매체 역할을 한다.,"윌리엄 에어스 (지은이), 라이언 앨릭샌더 (그림), 홍한별 (옮긴이)"
9788994054278,동물 해방 - 개정완역판,"이번 개정판은 이전 판들 출간 이후 이 책이 가져온 학계 및 관련 산업에 미친 변화와 연구 성과를 충실히 반영하였으며, 부록으로 ‘피터 싱어가 말하는 피터 싱어’와 ‘동물 해방 30년’을 수록하였다.","피터 싱어 (지은이), 김성한 (옮긴이)"
9788965640561,세계 종교 사전 - 우리가 꼭 알아야 할 세계의 모든 문제,"10대와 20대를 위한 라루스 세계지식사전 시리즈 22권. 모든 역사의 줄기를 이해하는 키워드, 종교. 세계 7대 종교의 기원과 위인, 역사, 종파들을 알기 쉽게 한 권의 작은 책으로 만난다.","드니 지라, 장뤽 푸티에 (지은이), 윤인숙 (옮긴이)"
9788961471671,현대철학의 거장들,"현대 철학사에서 빼놓을 수 없는 철학자 8명의 삶과 사상을 소개하는 교양서이다. 사상가는 맑스, 키르케고르, 니체, 하이데거, 하버마스, 푸코, 비트겐슈타인, 포퍼로, 이들은 현대의 대표적인 철학 사조들을 탄생시켰거나 대표하는 사상가들을 선정했다.",박찬국 (지은이)
9788998045029,무엇이 당신을 일하게 만드는가 - 일의 의미를 찾아서,2012년 한국출판문화산업진흥원 우수저작 및 출판지원사업 당선작. 일에서 받는 스트레스에서 벗어나기 위해서는 먼저 일하는 이유를 고민해야 한다고 말한다. 자신이 일하는 의미를 깨달으면 일의 지루함과 스트레스라는 고통에서 벗어날 수 있다는 것.,최명기 (지은이)
9788976823847,20세기의 매체철학 - 아날로그에서 디지털로,"그린비출판사 [철학의 정원] 시리즈 열두 번째 권. 이 책은 벤야민, 아도르노에서 보드리야르, 비릴리오에 이르기까지, 당대의 매체현상을 심도 있게 연구한 매체철학자 10인의 사유를 소개하고 있는 책이다.",심혜련 (지은이)
9788994054261,중세의 가을,"부르크하르트를 잇는 20세기 최고의 문화사가로 일컬어지는 요한 하위징아의 대표작. 중세 유럽의 문화와 사상을 집대성한 책이다. 하위징아는 이 책에서 전성기를 지나 노쇠해지고 새로운 시대를 준비하는 단계인 14, 15세기를 '가을'이라고 규정한다.","요한 하위징아 (지은이), 이종인 (옮긴이)"
9788992307697,내 안의 낯선 나,당신은 자신을 얼마나 알고 있는가? 사회심리학이 던지는 값진 가르침 하나가 바로 행동의 변화가 종종 태도나 감정의 변화를 낳는다는 진리이다. 그렇기 때문에 자신에 대한 의식적 생각에 맞춰 행동을 변화시키는 것은 무의식에 변화를 초래하는 좋은 방법이다.,"티모시 윌슨 (지은이), 정명진 (옮긴이)"
9788958625216,국어교육의 바탕과 속살,"우리말의 소중함을 일깨우고, 우리말을 제대로 가르치는 길을 밝혀 온 저자가 국어 교육에 대해 쓴 글들을 모아 엮었다. 우리말이란 무엇인가, 우리말을 가르친다는 것은 어떤 뜻인지 등에 대한 저자의 깊이 있는 생각들을 만날 수 있다.",김수업 (지은이)
9788996104803,비폭력대화 워크북 - 개인과 연습모임을 위한 가이드,NVC를 배우는 과정은 흔히 새로운 언어를 배우는 것에 비견된다. 삶을 바꾸는 NVC의 생각과 언어를 익히는 연습을 위한 안내서이다. 기본 텍스트인 <비폭력대화>를 한 장씩 연습할 수 있게 도와주는 이 워크북에는 삶 속에서 NVC를 실천할 수 있는 새롭고 힘이 되는 아이디어들이 많이 담겨 있다.,"루시 루 (지은이), 한국NVC센터 (옮긴이)"
9788976823809,접힘과 펼쳐짐 - 라이프니츠와 현대,"‘소운 이정우 저작집’의 4권. 2000년에 출간한 <접힘과 펼쳐짐>과 2001년에 출간한 <주름, 갈래, 울림>을 합본한 책이다. 라이프니츠의 사유 중 자연철학에 관해 해설하고, 현대에도 통용 가능한 철학적 성찰을 정교화하는 작업을 하였다.",이정우 (지은이)
9788997289127,한국인의 문화적 문법 - 당연의 세계 낯설게 보기,&lt;의미세계와 사회운동&gt;를 펴낸 정수복의 한국인의 문화적 문법 탐구서. 근대 이후 한국 문화를 공유하는 구성원들 사이에 당연한 것으로 받아들여져 거의 의식되니 않는 상태에 있으면서 구성원들 의 행위에 일정한 방향을 부여하는 문화적 의미 체계의 흐름을 비판적으로 숙고하고 있다.,정수복 (지은이)
9788976827616,"홉스봄, 역사와 정치","'그린비 인물시리즈 he-story' 3권. 활동하는 최고의 맑스주의 역사가로 꼽히는 에릭 홉스봄의 면모, 그의 지적 · 정치적 여정을 충실히 따라가고 있는 이 책은, 그의 ‘20세기 삶’을 다른 시각으로 묘사하며 전투적인 공산주의자이자 실천적인 역사가의 형성을 탐구한다.","그레고리 엘리어트 (지은이), 신기섭 (옮긴이)"
9788956055909,영화 수업 - 마음을 사로잡는 스토리텔링은 무엇이 다른가,"미국 명문예술대학 칼아츠(캘리포니아 예술대학)의 영화 스토리텔링과 카메라 연출에 관한 25년 명강의를 한 권에 담아낸 영화교본이다. 칼아츠 초대 영상대학 학장이자 할리우드 영화감독 알렉산더 맥켄드릭의 ‘드라마 구축하기와 영상문법’ 강의록을 엮은 책으로, 현장 경험을 바탕으로 시나리오 작법부터 영화 연출까지 치열한 영화산업에서 살아남기 위한 핵심 노하우를 담고 있다.","알렉산더 맥켄드릭 (지은이), 폴 크로닌 (엮은이), 김윤철 (옮긴이)"
9788972976776,알기쉬운 전통조경 시설사전,"전통조경시설 안내서. 다양한 전통조경시설을 풍부한 그림과 사진, 상세한 설명으로 소개한다. 현재 볼 수 있는 것은 물론 사료나 그림 자료에만 남아 있는 시설들까지 전부 담아 300여 시설을 소개하고 있다. 이 시설들은 독자들의 이해를 돕기 위해 다시 14개 영역으로 구분해 각 시설마다 지니고 있는 고유의 기능과 상징성을 쉽게 알 수 있도록 구성했다.",김영모 (지은이)
9788930085830,형이상학 2,"한마디로 ‘존재’(on)에 관한 사색이다. 존재에 관계된 여러 가지 문제를 아리스토텔레스는 전 생애에 걸쳐 각 시기마다 여러 각도에서 사색했는데, 그 성과물이 바로 이 책이다. 아리스토텔레스의 <형이상학>은 오늘날 전문화되고 파편화된 연구와 실용적 정보취득에 몰두하는 가운데 우리가 잃어버린 사유의 길을 제시한다.","아리스토텔레스 (지은이), 조대호 (옮긴이)"
9788930085823,형이상학 1,"한마디로 ‘존재’(on)에 관한 사색이다. 존재에 관계된 여러 가지 문제를 아리스토텔레스는 전 생애에 걸쳐 각 시기마다 여러 각도에서 사색했는데, 그 성과물이 바로 이 책이다. 아리스토텔레스의 <형이상학>은 오늘날 전문화되고 파편화된 연구와 실용적 정보취득에 몰두하는 가운데 우리가 잃어버린 사유의 길을 제시한다.","아리스토텔레스 (지은이), 조대호 (옮긴이)"
9788957332344,예나 체계기획 Ⅲ - 자연철학과 정신철학,"아카넷 한국연구재단 명저번역총서 서양편. 헤겔이 예나 시기에 자신의 철학 체계를 본격적으로 구상하면서 쓴 미발표 원고들 중 하나다. 헤겔은 이 책에서 당대의 자연과학적 지식, 철학사적 지식 등을 망라하여 자연철학과 정신철학을 체계적으로 전개하고 있다.","게오르그 빌헬름 프리드리히 헤겔 (지은이), 서정혁 (옮긴이)"
9788979149135,뇌를 자극하는 C++ STL,"C++ 표준 템플릿 라이브러리(STL) 학습을 위한 안내서로, 코드 중심으로 설명했다. 코드를 실습하면서 한 단계씩 실력을 쌓을 수 있게 했다. 단계별로 난이도를 조금씩 올리고 예제를 점진적으로 개선하는 방법을 택해 독자가 STL의 동작 원리와 구현 원리를 학습하면서 핵심 원리를 터득할 수 있게 구성했다.
",공동환 (지은이)
9788976823779,"매체, 지각을 흔들다 - 매체와 지각 사이","두 개의 키워드를 설정하고 그 ‘사이’에서 어떠한 상호작용이 오가고 관계가 구성되는지, 나아가 어떠한 새로운 존재와 사유가 싹트는지를 자유롭게 탐사하는 ‘사이 시리즈’의 세번째 권. 각 시대의 매체는 세계관의 변화를 선도하는 핵심적인 수단이었고, 이렇게 변화된 시대는 언제나 새로운 매체를 욕망해 왔다.",천현순 (지은이)
9788976823762,"보는 텍스트, 읽는 이미지 - 텍스트와 이미지 사이","두 개의 키워드를 설정하고 그 ‘사이’에서 어떠한 상호작용이 오가고 관계가 구성되는지, 나아가 어떠한 새로운 존재와 사유가 싹트는지를 자유롭게 탐사하는 ‘사이 시리즈’의 두번째 권. 르네 마그리트, 폴 엘뤼아르, 기욤 아폴리네르 등 텍스트와 이미지의 경계를 허무는 새로운 예술 형식을 모색해 왔던 초현실주의자들의 작업을 통해 ‘사이’에서 피어나는 상상력의 예술들을 살펴본다.",조윤경 (지은이)
9788976823755,"여성, 타자의 은유 - 주체와 타자 사이","두 개의 키워드를 설정하고 그 ‘사이’에서 어떠한 상호작용이 오가고 관계가 구성되는지, 나아가 어떠한 새로운 존재와 사유가 싹트는지를 자유롭게 탐사하는 ‘사이 시리즈’의 첫 권. 서구 철학 속에서 주체로 자리 잡지 못하고 언제나 타자로 머물 수밖에 없었던 존재로서의 ‘여성’에 대해 고찰한다.",김애령 (지은이)
9788997255429,질투의 정치,사람들의 질투를 자극하거나 오직 개인적인 신념과 감정에 호소하여 법과 제도를 경시하거나 무시하는 것을 막기 위해서는 어떻게 하는 것이 좋을까?  단지 법을 지키고 제도를 존중하라고 말하는 것만으로는 이 문제를 극복하기 어렵다. 결국에는 법과 제도에 대한 신뢰감을 회복하는 것이 중요한 것임에 틀림없다.,"히라이 가즈오미 (지은이), 정유경 (옮긴이)"
9788993905885,여씨춘추 - 제자백가의 위대한 종합,"김근 교수의 역작 <여씨춘추> 완역개정판이다. '글항아리 동양고전 시리즈' 제5권으로 출간된 이번 개정판에서는 예전 역주본의 소소한 오류들을 바로잡고, 번역 문체도 현대 한국어에 맞게 자연스럽게 바꾸었다. 한문원문과 낱말 유래·풀이 등을 생략함으로써 교양 고전 독자들의 눈높이에 맞게 체제를 갖췄다.","여불위 (지은이), 김근 (옮긴이)"
9788990620583,역사도시 투어리즘 - 살기 위한 도시 팔기 위한 도시,"선진국과 저개발국의 기존 역사도시와 관광 시장에서 새롭게 떠오르는 역사도시를 모두 다룬다. 역사도시의 개발과 보전에 대한 다양하고 폭넓은 사례를 제시하여 ‘관광을 위한 보전’이 아닌 ‘보전을 위한 관광’을 추구하며, 역사도시에 바람직한 보전 방법을 고민한다.
","에일린 올바슬리 (지은이), 독서모임 책술 (옮긴이)"
9788958624608,새로운 세대를 위한 사회학 입문 - 이론과 현실을 아우르는 생동감 넘치는 사회학을 만나다,"2006년 출간되어 지속적인 관심을 받았던 <사회학의 발견>의 개정판이다. 사회학이란 어떤 학문이며, 왜 우리가 사회학을 배워야 하는지, 어떻게 사회학적 지식을 우리가 사는 현실에 적용할 수 있는지를 답하고 있다. 사회학적 분석의 기본 원칙과 주요 이론적 시각에 대해 다룬 후 문화, 경제, 정치, 사회변동 등 사회학의 주요 주제별로 나누어 그 이론과 실제를 설명하는 구성이다.",김윤태 (지은이)
9788974180546,헤게모니 이후 - 세계정치경제에서 협력과 불화,"선진 자본주의 국가들 사이에서의 협력에 관한 포괄적 연구이다. 제2차 세계대전 이후의 미국과 같은 단일 세력의 우세 없이 협력이 지속될 수 있을까? 이 긴급한 문제에 대답하기 위해, 코헤인은 그것을 통해 세계정치경제에서 협력이 발생해 왔던 제도 혹은 “국제 레짐”을 분석하고 미국의 헤게모니가 약화되는 과정에서 이러한 레짐의 전개를 기술한다.","로버트 O. 코헤인 (지은이), 홍원표, 이상환, 김석수, 설규상 (옮긴이)"
9788926830185,천자문으로 중국 읽기,"<천자문>은 우리나라와 중국, 일본에서 약 1400여 년 동안 가장 널리 쓰인 한문 교습서다. 세계에서 가장 많이 읽힌 책이라 해도 과언이 아닐 것이다. 우리나라에서도 오랜 세월 <천자문>으로 학업을 시작했다. 그러나 우리나라나 중국 모두 낱글자 위주의 교육에만 치중하고 그 내용은 다루지 않아 왔다.",김세환 (지은이)
9788997094080,"무기 바이블 - 현대 과학기술의 구현, 국내외 무기체계와 장비","유용원의 군사세계(http://bemil.chosun.com)와 도서출판 플래닛미디어가 함께 만드는 군사 · 무기 관련 전문서 시리즈 Bemil총서 두 번째 책이다. 2010년 7월부터 매주 네이버캐스트 ‘무기의 세계’ 코너에 연재하고 있는 글 중 일부를 모아 펴낸 것이다. ‘무기의 세계’는 매 연재 때마다 조회건수가 수십만이고, 댓글이 최대 2,500여 개가 달리는 기록을 세우기도 한 네이버캐스트의 인기 코너다.","양욱, 유용원, 김병륜, 김대영 (지은이)"
9788930086165,성찰 2,"데카르트의 형이상학이 신의 존재와 인간 정신이 신체와는 독립된 실체임을 증명하는 것에 그치는 것이 아니라 모든 제일원리를 담고 있다. 외부세계에 대한 인간의 인식가능성 일반을 확보해줄 뿐만 아니라, 더 나아가 자연철학의 근본적인 토대를 담고 있다. 이러한 사실은 데카르트 철학에서 형이상학과 자연철학이 서로 나뉠 수 없는 연관관계를 맺고 있다는 것을 잘 보여준다.","르네 데카르트, 원석영 (지은이)"
9788930086158,성찰 1,"데카르트의 형이상학이 신의 존재와 인간 정신이 신체와는 독립된 실체임을 증명하는 것에 그치는 것이 아니라 모든 제일원리를 담고 있다. 외부세계에 대한 인간의 인식가능성 일반을 확보해줄 뿐만 아니라, 더 나아가 자연철학의 근본적인 토대를 담고 있다. 이러한 사실은 데카르트 철학에서 형이상학과 자연철학이 서로 나뉠 수 없는 연관관계를 맺고 있다는 것을 잘 보여준다.","르네 데카르트, 원석영 (지은이)"
9788957332214,"시간의 화살, 시간의 순환 - 지질학적 시간의 발견에서 신화와 은유","미국의 걸출한 고생물학자이자 진화생물학자인 스티븐 제이 굴드의 역작. 비교적 적은 분량의 이 책은 굴드의 개인적 관심과 주제의식이 오롯이 녹아 있는 작품으로, 자신의 이전의 책들을 잘 이어가면서도 가장 모험적이면서 실험적인 과학 교양서이다. 생물학을 통해 인류의 위상에 대한 새로운 이해를 추구했던 굴드가 진화의 기본 전제인 시간의 흐름과 인간의 시간에 대한 인식을 함께 논의한 내용이 바로 이 책이다.","스티븐 제이 굴드 (지은이), 이철우 (옮긴이)"
9788997094073,전투기의 이해 - 최신개정판,"전투기의 과거, 현재, 미래 모든 것을 총망라한 전투기 바이블. 전투기에 관심이 있는 마니아와 일반인, 더 나아가서는 전투기 관련 분야 관계자나 전문가들에게 전투기에 대한 체계적인 지식과 정보를 제공하는 국내 유일의 전투기 백과사전이자 교과서라고 할 수 있다. 전투기에 대해 궁금하다면 더 이상 외국 사이트나 서적을 찾을 필요가 없다.",임상민 (지은이)
9788979869019,하이브리드 스펙트럼 - 진화하는 ― 문화의 ― 속성들,하이브리드 미래문화연구총서.‘하이브리드 현상’은 이제 우리 시대의 분위기를 함축하는 것 이상이 돼버렸다. 이미 곳곳에서 목격되는 문화 간 혼합은 미래사회의 진보를 예견하는 척도가 될 수도 있다. 하이브리드에 대한 진지한 담론의 장이 필요한 이유가 바로 여기에 있다.,하이브리드미래문화연구소 (엮은이)
9788935664184,지중해의 기억 - 개정판,"'한길그레이트북스' 119권. '역사계의 교황'이라 불리는 프랑스 아날학파의 대표적인 역사가인 브로델의 유고작이다. 그의 전공분야인 16,17세기 역사를 넘어 선사시대부터 로마의 정복까지 지중해의 질곡진 역사를 이야기한다. 지중해를 죽도록 사랑한 한 노학자가 선사시대와 고대 세계를 바탕으로 시간과 공간을 초월하여 독자들에게 자신이 사랑하는 공간에 대해 말을 건네는 것이다.","페르낭 브로델 (지은이), 강주헌 (옮긴이)"
9788927802945,웃음의 심리학 - 표정 속에 감춰진 관계의 비밀,"심리학의 대가 예일대 마리안 라프랑스 교수의 대표작. 웃음은 단순히 즐거운 표정이라는 정의에서 벗어나 ‘웃음은 결과를 만들어내는 사회적인 행동’이라는 메시지를 던진다. 저자는 웃음 짓는 행동에 초점을 맞춰, 입꼬리를 올리는 작은 근육의 움직임이 어떻게 큰 결과를 불러오는지 증명한다. 의식적으로 혹은 자신도 모르게 거짓으로 웃을 수밖에 없는 인간 내면의 심리를 탐구한다.","마리안 라프랑스 (지은이), 윤영삼 (옮긴이)"
9788964450413,아메리카노 - 라틴아메리카의 독립투쟁,"'역사도서관 교양' 총서 17번째 권. 저자인 존 찰스 채스틴은 1810~20년대 독립투쟁에 나선 인물 군상이 누구인지, 그들이 새로운 독립국가를 수립해나가는 과정에서 어떤 결정을 내렸는지, 여러 세력 간의 충돌 양상이 어떠했는지 등에 주목하면서 매력적인 필치로 19세기 라틴아메리카의 혼란스러운 정치상을 드러내는 동시에 이상을 위해 현실의 가파른 고비를 넘으려던 라틴아메리카인들에게 진지한 헌사를 바치고 있다.","존 찰스 채스틴 (지은이), 이성형, 황보영조, 박구병, 최해성 (옮긴이)"
9788970137971,새로운 전쟁 - 군사적 폭력의 탈국가화,정치사상사와 전쟁론 분야의 석학인 저자 헤어프리트 뮌클러 교수의 <새로운 전쟁>. 20세기의 마지막 십여 년 동안에 뚜렷하게 그 경향성을 드러내고 21세기 초 9.11 테러 등을 통해 분명하게 인식된 ‘군사적 폭력의 탈국가화’ 현상을 근대국가체제 성립 이전의 전쟁들과 비교하면서 심도 있게 분석한 저작이다.,"헤어프리트 뮌클러 (지은이), 공진성 (옮긴이)"
9788994445175,도구와 기호,"러시아 심리학자 비고츠키의 모든 작품에 대한 최고의 입문서라고 평가받는 중요한 저술 <어린이 발달에서의 도구와 기호>의 한국어 완역본이다. 독자들은 이 책에서 어린이가 자신들의 사고와 행위를 기호 특히 언어를 통해 매개하기 시작하여 대상 특히 장난감과 도구를 이용한 실행적 활동의 경로를 근본적으로 변화시키는, 어린이 발달의 핵심적 계기에 대한 명료하고 설득력 있는 논의를 발견할 수 있다.","레프 세묘노비치 비고츠키, 알렉산더 로마노비치 루리야 (지은이), 비고츠키 연구회 (옮긴이)"
9788979719826,Motor Fan F1 머신 하이테크의 비밀 - 한국어 번역판,서킷에서의 질주를 숙명으로 받아들이는 F1 머신을 해부한다. F1 머신은 지구상에서 가장 빠른 레이싱 카로서 속도가 너무 빠르기 때문에 매년 규정이 변경된다. 특별히 지난 2009년 등장해 화제를 모은 KERS(Kinetic Energy Recovery Systems)에 대한 자세한 설명을 담고 있다.,(일)삼영서방 편집부 (지은이)
9788994242101,열대의 과일자원 - 눈으로 맛보는 열대과일의 모든 것,"식물학자이자 열대과일 전문가인 김기중 교수가, 열대과일이 생소했던 30여 년 전부터 전 세계 열대지역을 방문하며 어렵게 수집, 연구한 자료를 책으로 엮었다. 과일의 왕이라 불리는 두리안을 비롯한 126종의 열대과일에 대한 기원, 재배기술, 과실, 생산시기, 식물의 생김새, 영양성분, 기능성 연구에 이르기까지 쉽게 접할 수 없었던 전문적인 정보를 총망라했으며, 근연종 약 520종류, 품종 1050종류도 함께 소개하고 있다.",김기중 (지은이)
9788991221949,한국 역사교육의 연구동향,"한국 역사교육의 50년 연구사를 일목요연하게 정리한 책. 1990년 이후 역사교육, 역사교육연구, 역사교육논집 등 전문학술지에 실린 연구논문을 검토하여 주제별로 분류했다. 전문학술지에 실린 논문은 심사과정을 거치므로 공인된 연구결과물이라 할 수 있기 때문에, 이 논문들을 중점적으로 검토해야 역사교육연구의 학술적 수준을 가늠할 수 있을 것이라 판단했다.",양호환 (엮은이)
9788930619202,비트겐슈타인의 논리철학론 이렇게 읽어야 한다,"비트겐슈타인의 <논리철학론>은 20세기 전반기에 철학의 방향을 바꾸어 놓은 중요한 저작이다. <논리철학론>은 상례를 벗어난 방식으로 서술되어 있고, 게다가 고도의 예비지식을 요구하고 있기 때문에 어렵다고 소문나 있지만, 비트겐슈타인의 탁월한 사상 전체를 이해하기 위해서는 <논리철학론> 속의 생각들을 반드시 이해해야 한다.","R. M. 화이트 (지은이), 곽강제 (옮긴이)"
9788933706190,문화인류학의 역사 (개정2판) - 사회사상에서 문화의 과학에 이르기까지,"인류학을 공부하려는 이들에게 인류학의 중요한 사상적.이론적 흐름을 간결하고 알기 쉽게 소개해 주는 책이다. 서양의 지성사에 대한 확고한 기초가 없는 독자들을 위하여 인류학 이론과 개념들을 소개하면서 특히 그 역사적 배경과 사상사적 의미를 설명하는 데 세심하게 배려하였다. 개정2판은 독자들이 좀 더 읽기 쉽도록 문장을 다듬고 디자인을 바꾸었으며, 인류학사와 인류학 개론을 수강하는 학생들뿐만 아니라 ‘인간이란 도대체 무엇인가’라는 질문에 관심을 가진 모든 사람에게 도움이 될 것이다.","머윈 S. 가바리노 (지은이), 한경구, 임봉길 (옮긴이)"
9788994445168,"혁신교육, 철학을 만나다 - 복잡성 이론과 실천 교육의 뿌리를 찾아서","복잡성 과학과 철학을 중심으로 교육 혁신의 방향, 이론, 실천적 지침을 제공하는 책이다. 또한 전통적인 교수학습론, 학습자관, 학습의 단위를 비판하고, 자기 조직의 논리로 학습자의 무한한 자기 창조의 가능성 위에서 미래 지향적인 창의성 교육의 담론적 근거를 제시하고 있다.","브렌트 데이비스, 데니스 수마라 (지은이), 현인철, 서용선 (옮긴이)"
9788946054035,미디어 이벤트 - 역사를 생중계하다,"최근 ‘미디어 의례’에 대한 학문적 관심이 부상하면서 미디어 이벤트 개념은 더욱 주목받고 있다. 현재의 미디어 이벤트를 분석하는 연구뿐만 아니라 앞으로의 양상을 예측하는 다양한 논의 역시 진행되고 있다. 이 책은 이탈리아어, 스페인어, 프랑스어, 일본어 등으로 번역되었고, 미디어 의례, 미디어와 집합 기억, 미디어와 권력 등의 분야에서 고전으로 자리매김했으며, 세계언론학회(ICA) 수상 경력도 있다. 
","엘리후 캐츠, 다니엘 다얀 (지은이), 곽현자 (옮긴이)"
9788952216533,정보공개란 무엇인가,"국민의 알권리를 실질적으로 보장하는 정보공개의 모든 것을 담았다. 정보공개는 왜 필요한지, 어떤 과정을 거쳐 정보공개 여부가 결정되는지, 연간 40만여 건의 정보공개가 청구되는 우리나라의 정보공개 현황은 어떤지 등을 친절하게 설명한다.",안상운 (지은이)
9788957332177,이성의 한계 안에서의 종교,이 책에 실린 네 편의 논고는 칸트가 이미 오랫동안 그의 도덕철학과 역사철학 저술을 통해 부분적으로 피력한 ‘철학적 종교론’의 중추를 보여준다. 특히 이 책은 &lt;판단력 비판&gt;의 후반부에서 이미 시도된 종교적 물음에 대한 답변을 완수했다는 데 큰 의미가 있는 저작으로 평가된다.,"이마누엘 칸트 (지은이), 백종현 (옮긴이)"
9788930085779,막스 베버 사회과학방법론 선집,"나남신서. 이번 역서에 수록된 <객관성 논문>, <가치중립 논문> 및 <사회학 기초개념>은 베버가 사회이론과 사회과학방법론 영역에서 남긴 업적을 대표하고 있다. 주요 고전으로 평가받는 이 논문들에서 베버가 100여 년 전 설정한 의제들은 현대 사회이론 및 사회과학방법론 발전의 중심동력 가운데 하나였으며 오늘날까지도 방법론 담론의 출발점이자 준거점 역할을 하고 있다.","막스 베버 (지은이), 전성우 (옮긴이)"
9788972915102,러시아의 역사 - 상 - 제8판,"1963년에 첫 출간된 이래로 반세기 가까이 개정을 거듭해온 대표적인 러시아 역사 개설서 중의 하나. 미국의 많은 대학교에서 교재로 채택되고 있으며, 러시아 역사 분야에서 수십 년 동안 베스트셀러의 자리를 지켜왔다. 제7판부터는 새로운 저자가 저술에 참여했으며, 제8판은 최근의 역사에 대한 내용이 증보되고 새로운 이미지 자료가 삽입된, 1080페이지에 이르는 책이다.","니콜라스 V. 랴자놉스키, 마크 D. 스타인버그 (지은이), 조호연 (옮긴이)"
9788975279867,"짝, 사랑 - 대한민국 심리학자 황상민의 짝과 결혼의 대중심리학","누구나 행복한 결혼을 꿈꾸며 짝을 찾지만, 현실에서는 행복보다 절망을 맛보게 마련이다. 짝이라 여겼던 그 사람이 날이 갈수록 짝이 아니라는 생각마저 든다. 결혼하기 전에는 분명 내 짝이라고 믿었는데, 결혼을 준비하는 과정에서 또 막상 결혼해서 살면서 “이 사람이 내 짝이 맞나?”고 의심하게 되는 진짜 이유는 무엇일까? 이 책은 이런 궁금증을 속 시원히 해결해준다.",황상민 (지은이)
9788984314382,안락사는 살인인가 - 사례로 만나는 의료윤리의 쟁점들,"‘의료윤리’ 분야의 기본적인 문제들을 간략하지만 내실 있게 소개한다. 의사는 단순히 전문적인 기능인이 아니다. 생명을 앞에 두고 늘 어떤 선택에 직면하게 되고, 그 선택은 윤리적인 문제들을 담고 있다. 너무나도 고통스러워하는 말기 암 환자가 하루라도 빨리 죽고 싶다고 애원한다면 어떻게 해야 할까? 새로운 생명을 책임질 수 없는 상황의 여성이 낙태를 요구한다면 어떻게 해야 할까? 이 책은 이런 문제들을 진지하게 다루고 있다.","토니 호프 (지은이), 김양중 (옮긴이)"
9788962603675,고독의 위로,"영국 최고의 지성, 정신분석의 앤서니 스토 필생의 역작. 풍요로운 인생이란 고독한 순례자의 것, 스토는 ‘고독’이란 일생의 임무라 이야기하며, 보다 평화롭고 행복한 삶을 위해 자기에게로 떠나는 여행을 권유한다. 자신의 인생을 고독으로 다채롭게 채워 자신만의 능력을 펼쳐 보이는 역사 속 인물들의 이야기가 흥미롭다.","앤서니 스토 (지은이), 이순영 (옮긴이)"
9788959061969,임석재의 생태 건축 - 일곱 번의 위기와 일곱 개의 자연,건축사학자의 눈으로 읽어낸 서구문명사에서 지금 우리가 맞닥뜨린 생태 위기를 해결할 해법을 찾으려는 진지한 고민을 담은 책이다. 건축 분야에서 왕성한 집필 활동을 해온 건축사학자 임석재 교수는 “환경 위기의 본질 및 그에 대한 해법을 서양문명이 자연을 대하고 운용해온 ‘자연사상의 역사’”에서 찾는다.,임석재 (지은이)
9788994965048,남자가 알아야 할 심리학의 모든 것,"심리학, 남자에게 왜 중요할까? 일, 인간관계, 연애, 결혼에 관한 해법이 모두 심리학에 있다? 이 책은 위와 같은 물음에 속 시원히 답해주고 있다. 우리 주변에서 일어나는 모든 일들은 우리의 심리에 영향을 미치고, 우리의 심리는 주위 많은 일들에 또 영향을 끼친다.","이금청 (지은이), 명정하 (옮긴이)"
9788991075702,"외로워서 그랬어요 - 열일곱을 위한 청춘 상담, 2011년 문광부 우수문학도서",22년 동안 중·고등학교에서 아이들의 국어교사이자 상담교사로서 수많은 학생들의 멘토 역할을 해온 문경보 저자가 학생들의 아픈 마음을 읽어내고 어루만지면서 주고받은 상담의 기록이자 고등학생들의 마음속 이야기들을 가감 없이 담아낸 심리 에세이이다.,문경보 (지은이)
9788962602357,예술사진의 현재 - 개정판,"2008년 출간된 &lt;예술사진의 현재&gt;의 개정판. 80명의 사진가들을 사진 주제에 따라 인물, 풍경, 내러티브, 오브제, 패션, 다큐멘트, 도시 등 7개 장르로 나누어 소개한다. 각각의 장르들에서는 해당 작가들이 취하는 사진 주제와 스타일 그리고 방법을 탐구하고, 각 장르의 도입부에는 해당 장르의 전체적인 윤곽을 그릴 수 있는 설명을 싣고 왜 사진가들이 이 장르에 매혹되는지 설명한다.","수잔 브라이트 (지은이), 이주형 (옮긴이)"
9788996094050,윤성우의 열혈 C 프로그래밍 - 개정판,"2003년 발행된「열혈 C 프로그래밍」의 개정판으로, 강의가 필요 없을 만큼 쉽게 설명되어 있는 책이다. 하지만 강의가 필요한 독자들을 위해서 저자가 직접 본 도서의 내용을 강의한다. 책만큼 유명한 이 강의와 함께 한다면 누구나 C언어를 쉽게 공부할 수 있을 것이다.",윤성우 (지은이)
9788973142194,실재의 귀환 - 개정판,동시대 미술에 대한 핼 포스터의 현재적 관점을 극명하게 드러내고 있다. 이 책에서 무엇보다도 흥미로운 것은 책의 제목에서 드러나듯 ‘실재’에 대한 관심이다.,"할 포스터 (지은이), 최연희, 이영욱, 조주연 (옮긴이)"
9788950924812,쉬나의 선택 실험실 - 선택에 대한 통념을 뒤엎는 100가지 심리실험,"세계 최고 권위의 선택 심리학자이자 컬럼비아대학교 경영학과 교수인 쉬나 아이엔가의 신간. 점심때 무엇을 먹을 것인지, 어떤 커피를 마실 것인지, 결혼을 해야 할지, 이직할 것인지 등 인생은 우리를 하루에도 몇 번씩 선택의 기로에 세운다. 그렇다면 선택할 때 나는 왜 그런 생각과 판단을 하는 것일까. 총 7장으로 구성된 &lt;쉬나의 선택실험실&gt;에서는 미처 우리가 알지 못했던 선택에 관한 진실과 그 기술을 밝힌다.","쉬나 아이엔가 (지은이), 오혜경 (옮긴이)"
9788996123996,능지처참 - 중국의 잔혹성과 서구의 시선,"10세기부터 능지형이 폐지된 1905년에 이르기까지 중국의 고문과 처형의 역사, 이미지, 그리고 그 법률적 맥락을 추적한 최초의 책. 국가가 국민 개개인을 고문하는 것을 정당화하는 논리와 인간이 정치적 목적으로 훼손된 육체의 상징을 악용하는 다양한 방식에 의문을 제기한다. 이 책의 전반부는 중국 형벌의 역사를 다루고, 후반부는 주로 중국의 처형에 대한 서구의 집착을 다룬다.","티모시 브룩 (지은이), 박소현 (옮긴이)"
9788992607483,다큐멘터리 만들기,"다큐멘터리 제작 환경의 변화를 충실하게 반영하여, 디지털 제작에 관한 정보나 개념까지도 다룬다. 특히 이 책은 다큐멘터리 제작에 관심 있는 독자 자신이 제작 실무를 효과적으로 익힐 수 있도록 많은 연습 과제들을 부록에 수록하고 2000년대 이후 제작된 다큐멘터리 중에서 주목할 만한 작품을 소개했다. 
","마이클 래비거 (지은이), 조재홍, 홍형숙 (옮긴이)"
9788995965764,Step Up English Racer 스텝업 잉글리쉬 레이서 4 - 어휘.숙어.문법.독해의 Daily 학습플랜,"9급/7급/경찰/법원직 공무원 대비 영어 종합서 &lt;스텝업 잉글리쉬 레이서&gt;. 문법, 독해, 이디엄(생활영어), 어휘 이상 4파트에서 공무원 영어시험에서 출제되고 합격점을 받기 위해 꼭 필요한 핵심이론과 문제들을 모두 담았다. 총 4권으로, 각 권은 10일치 분량을 담고 있으며, 마지막 권인 4권은 그 중 31일~40일에 해당하는 분량이다.","장수용, 허민 (지은이)"
9788995379493,Java의 정석 - 2nd Edition,자바의 기초부터 객체지향개념을 넘어 실전까지를 담은 책. 저자의 10년이 넘는 실무경험과 강의 그리고 온라인 카페를 운영하면서 강의한 내용을 책으로 엮은 것이기 때문에 자바를 처음 배우는 회원들의 의견과 궁금한 점들을 빠짐없이 담고 있다.,남궁성 (지은이)
9788990985651,"천년의 지혜, 내 마음의 빗장을 열다 - 동서양 고전과 심리학이 만나 떠나는 순례의 길","저명한 정신의학자이자 그 자신이 힘겨운 삶을 헤쳐 나왔고, 그런 힘든 삶의 여정에 있는 많은 이들의 동반자이기도 했던 셸던 B. 콥의 책이다. 이 책에서 저자는 인류의 지혜가 집대성된 고전에 대한 심리학적인 순례를 통해 삶의 미로를 해매는 이들에게 저마다의 내면을 성찰할 길을 제시한다.","셸던 B. 콥 (지은이), 김훈 (옮긴이)"
9788995965757,Step Up English Racer 스텝업 잉글리쉬 레이서 3 - 어휘.숙어.문법.독해의 Daily 학습플랜,"9급/7급/경찰/법원직 공무원 대비 영어 종합서 &lt;스텝업 잉글리쉬 레이서&gt;. 문법, 독해, 이디엄(생활영어), 어휘 이상 4파트에서 공무원 영어시험에서 출제되고 합격점을 받기 위해 꼭 필요한 핵심이론과 문제들을 모두 담았다. 총 4권으로, 각 권은 10일치 분량을 담고 있으며 3권은 그 중 21일~30일에 해당하는 분량이다.","장수용, 허민 (지은이)"
9788995965733,Step Up English Racer 스텝업 잉글리쉬 레이서 1 - 어휘.숙어.문법.독해의 Daily 학습플랜,"9급/7급/경찰/법원직 공무원 대비 영어 종합서 &lt;스텝업 잉글리쉬 레이서&gt;. 문법, 독해, 이디엄(생활영어), 어휘 이상 4파트에서 공무원 영어시험에서 출제되고 합격점을 받기 위해 꼭 필요한 핵심이론과 문제들을 모두 담았다. 일일 분량을 정해서 40일에 걸쳐 어휘/숙어/문법/독해를 매일 진도에 맞게 학습할 수 있도록 구성하였다.","장수용, 허민 (지은이)"
9788991268685,프로젝트가 서쪽으로 간 까닭은 - 프로젝트 군상의 86가지 행동 패턴,프로젝트의 성공과 실패를 가늠하는 86가지 인간 행위의 패턴을 이야기하고 있다. 톰 드마르코를 포함한 여섯 명의 지은이가 자신의 프로젝트 관리/컨설팅 경험을 토대로 프로젝트 진행 과정에서 나타나는 다양한 군상들의 행위가 성공과 실패에 어떠한 영향을 미치는지에 대해 말한다.19회 졸트상 수상작.,"톰 드마르코 (지은이), 이해영, 박재호 (옮긴이)"
9788932908755,움베르토 에코 마니아 컬렉션 세트 - 전25권,"움베르토 에코의 나라 이탈리아에서도 시도하지 못했던 전 세계 최초의 출판 기획물, 움베르토 에코 저작집(현재 총 25권)이 열린책들에서 5년 동안의 편집 작업을 마치고 출간되었다. 이 저작집에는 &lt;장미의 이름&gt;, &lt;푸코의 진자&gt; 등 에코의 소설과 동화책을 제외한 철학, 기호학, 문학 이론, 문화 비평, 칼럼 등 다방면에 걸쳐 에코가 50여 년 동안 출간한 대부분의 저서가 담겨 있다.","움베르토 에코 (지은이), 김운찬 (옮긴이)"
9788973370245,도시 심리학 - 심리학의 잣대로 분석한 도시인의 욕망과 갈등,"첨단 과학의 시대에도 사주카페는 성행하고, 개인정보 누출을 걱정하면서도 거리낌 없이 대리운전을 활용하는 도시인들. 타인과 나를 끊임없이 구분하면서도 감정적 단절이나 소통의 부재를 걱정하는 우리들의 속마음에는 과연 어떤 생각이 숨겨져 있을까?",하지현 (지은이)
9788932019475,정거장에서의 충고 - 기형도의 삶과 문학,"기형도 20주기 추모 문집. 기형도 시인의 20주기(3월 7일)를 맞아, 문학·문화사적 측면에서 기형도의 시 세계를 조명하고 그 현재적 의미를 밝히는 한편, 그를 아끼고 추억하는 지인과 문우들의 산문, 그리고 그의 사후에 그의 시를 분석하고 의미 지은 여러 비평가들의 밀도 높은 평문들을 한데 모았다.","박해현, 성석제, 이광호 (엮은이)"
9788976827166,"장기 20세기 - 화폐, 권력, 그리고 우리 시대의 기원","13세기부터 현재까지의 자본주의 역사를 체계적 축적 순환 과정으로 재해석하고, 이를 통해 현재 우리가 직면하고 있는 미국의 세기, 즉 ‘장기 20세기’의 시작과 몰락, 그리고 다음 세기로의 이행을 이야기하는 책이다.","조반니 아리기 (지은이), 백승욱 (옮긴이)"
9788937416217,사랑의 역사,"기호학과 정신분석의 석학인 크리스테바의 연구의 정점을 보여 주는 작품이다. 크리스테바는 뛰어난 분석, 종합 능력을 가지고 종합적 글쓰기를 하는 작가로서 푸코, 데리다 등과 함께 ‘비평의 시대’를 대표하는 작가이다. ‘사랑’이라는 키워드를 앞세운 &lt;사랑의 역사&gt; 역시 서양 문화, 역사 전반의 방대한 지식을 다루고 있다.","줄리아 크리스테바 (지은이), 김인환 (옮긴이)"
9788962600049,예술사진의 현재,"현대 사진예술의 최전선에 서 있는 80인의 작품들을 수록하고 그에 해설을 덧붙였다. 명불허전의 사진 퀄리티는 물론, 어렵지 않으면서도 각 사진의 핵심을 잡아 낸 수잔 브라이트의 해설이 돋보인다. 현대 예술에 관심 있는 모든 이들에게 어필할 명저.","수잔 브라이트 (지은이), 이주형 (옮긴이)"
9788983712226,잊혀진 조상의 그림자 - 인류의 본질과 기원에 대하여,"오랫동안 종교와 철학의 영역에 속해 있었던 '인류는 어디에서 와서 어디로 가는가'라는 질문을 우주론과 진화론의 관점에서 파헤친다. 그리고 이 과정에서 물리학, 분자 생물학, 진화 생물학, 진화 심리학, 인류학이 한데 어우러진 통합적인 세계관, 인간에 대한 관점을 소개한다.
","칼 세이건, 앤 드루얀 (지은이), 김동광 (옮긴이)"
9788985511872,사진학 강의 - 제9판,"사진의 메커니즘과 표현에서의 응용 기법에서부터, 사진의 평가와 시각적인 인식의 방법, 사진의 역사, 현대사진의 감상까지 총 망라한 '사진 바이블'. 풍부한 도해와 사진, 간결하고 명료한 해설이 강점이다. 1976년 첫 출간 이래, 전국의 대학과 수많은 사진 애호가들에게 읽혀온 스테디셀러.  2008년 개정판에는 디지털 이미징과 CD사진포맷, 웹 페이지 설계 등 최신의 기술적인 성과에 대한 항목이 대폭 보강되어 있다.","바버라 런던 (지은이), 조윤철 (옮긴이)"
9788995781098,"디자이너란 무엇인가 - 사물, 장소, 메시지",디자인이라는 행위 자체를 끊임없는 질문 행위로 바꾸어 놓는다. 디자인의 사유와 산물에 숨은 사회적 의미를 꾸준히 추궁한다. 디자이너의 소명을 열정적으로 설명하고 현대주의(modernism) 운동의 핵심을 낱낱이 드러낸다. 1969년 영국에서 처음 발행된 이래 여러 차례 개정되고 재출간되며 디자인의 고전으로 자리 잡은 책.,"노먼 포터 (지은이), 최성민 (옮긴이)"
9788952108678,대항해 시대 - 해상 팽창과 근대 세계의 형성,"지금까지 대부분의 역사서는 대륙 문명의 관점, 그것도 주로 농경 문화권의 관점에서 세계사를 해석해 왔다. 그러나 이 책은 근대 해양세계의 발전에 주목한다. 세계의 해상 팽창을 최대한 균형 잡힌 시각으로 살펴보려는 시도이다. 근대 세계사에 대한 새로운 조망을 통해 우리 시대에 대한 통찰을 얻을 수 있다.",주경철 (지은이)
9788992478045,스파르타 신홍섭 영어 - 전2권 - 9급 공무원시험대비,"스파르타 개정판은 기존의 구성과 차별을 두었다. 1권 문법 편과 2권 어휘, 독해, 생활영어, 실전문법적용훈련 편으로 분권되었다.",신홍섭 (엮은이)
9788937603617,"국부론 -하 - 경제학고전선 애덤 스미스, 개역판","경제학이 독립된 사회과학으로 징립된 것은 바로 이 책에 의해서로, 경제학의 체계를 최초로 세웠다. 또한 정치, 경제, 사회, 법률, 역사, 교육, 종교, 철학, 국방 등 다양한 분야의 문제들을 종합적으로 분석한 전체 사회 과학 분야의 고전이다.","애덤 스미스 (지은이), 김수행 (옮긴이)"
9788937603600,"국부론 -상 - 경제학고전선 애덤 스미스, 개역판","경제학이 독립된 사회과학으로 징립된 것은 바로 이 책에 의해서로, 경제학의 체계를 최초로 세웠다. 또한 정치, 경제, 사회, 법률, 역사, 교육, 종교, 철학, 국방 등 다양한 분야의 문제들을 종합적으로 분석한 전체 사회 과학 분야의 고전이다.","애덤 스미스 (지은이), 김수행 (옮긴이)"
9788932309866,영화의 이해,"미국 및 세계 20여 개국의 대학에서 영화 과목 기본서로 삼고 있는 영화 이론의 기본서이자 필독서. 각 장은 촬영, 미장센, 편집, 음향, 연기, 스토리, 이데올로기, 이론 등 영화이론 전반에 대해 꼼꼼하게 해설하며 마지막 장에는 영화이론의 종합체라고 평가받는「시민 케인」으로 앞서 얘기한 이론들을 구체적으로 설명하고 있다.","루이스 자네티 (지은이), 김진해 (옮긴이)"
9788930036511,아레오파지티카,"언론 자유에 대한 고전적 경전인 존 밀턴의 <아레오파지티가>는 언론사상사에서 가장 흔히 언급되는 책이다. 이 책은 `사상의 자유롭고 공개적인 시장`이라는 관념과 ""진리의 발견을 위해서는 표현의 자유가 허용돼야 한다”는 주장의 시발점이다. 출판 초기인 17세기에는 빛을 못보다가 뒷날 자유주의자들의 `해석`에 의해 고전으로  ...",존 밀턴 (지은이)
9788985127288,베르떼-포쉬 인테리어 디자인 + 장 루이 베르떼 가구 디자인 - 2권 1박스,"프랑스의 실내건축가이자 디자이너인 '장 루이 베르떼'와 직접 작업하여 국내에서 가장 먼저 펴낸 작품집이다. <베르떼-포쉬 인테리어 디자인>에는 1981년부터 2005년까지, '베르떼-포쉬 사무소(BERTHET-POCHY OFFICE)'에서 진행한 14개 프로젝트를 소개한다. <장 루이 베르떼 가구 디자인>에는 38개의 디자인 작품을 담았다.","장 루이 베르떼, 자크 에베르 (글), 알랭 도비파 (사진)"
9788972914228,할리우드 영화사,"할리우드의 모든 것ㅡ배우, 감독, 제작자, 스태프의 예술과 기술, 세계적 문화충격, 무법자의 지하세계, 돈의 흐름ㅡ을 아우르는 경이로운 비평서. 풍부한 재기와 통찰력, 그리고 정확한 정보에 입각하여 예술과 탐욕이 혼재하는 할리우드의 역사를 흥미롭게 풀어낸다.","데이비드 톰슨 (지은이), 이상근 (옮긴이)"
9788974272227,아직도 가야 할 길,"이 책은 '뉴욕 타임즈 북 리뷰' 선정 최장수 베스트셀러로, 하루에 600여 권의 신간이 쏟아져 나오는 미국에서 10년 이상 베스트셀러 자리를 차지하고 있는 책이다. 우리나라에서도 91년도에 첫 출간된 이래 꾸준히 읽히고 있는 스테디셀러이다. 판형을 바꾸어 새로이 출간했다.","M. 스캇 펙 (지은이), 신승철 (옮긴이)"
9788979144758,대한민국 개발자 희망보고서,"'월화수목금금금'의 한 꼭지에서 얘기하는 것처럼 수많은 대한민국 개발자는 초과근무에 시달리고 여러 가지 비효율에 노출되어 불타는 갑판 같은 현실에 직면해 있다. 자바 개발자에게 유명한 커뮤니티 사이트의 태그 클라우드에서 '칼퇴근', '연봉', '프리랜서' 등의 태그가 압도적 1위를 차지하고 있다는 것은 현재 대한민국 개발자의 현주소를 대변한다고 해도 과언이 아니다.",오병곤 (지은이)
9788972975106,한국건축답사수첩,그간 한국건축역사학회가 쌓아온 학술적 성과를 일반 대중과 공유하고 지식을 확산함으로써 한국건축 발전의 새로운 전기를 마련하려는 시도의 일환으로서 답사 길의 훌륭한 길잡이일 뿐 아니라 한국건축사 전반을 알고자 하는 사람들에게는 최고의 참고서가 될 것이다.,한국건축역사학회 (엮은이)
9788979144222,윈도우즈 API 정복 2 - 개정판,이 책은 API와 운영체제를 연구하며 이를 통해 알고리즘과 논리력을 키울 수 있도록 쓰여졌다. 초급 프로그래머는 그래픽 환경에 쉽게 적응하여 탄탄한 기본기를 다질 수 있으며 중급 프로그래머는 운영체제의 내부 구조와 동작을 이해함으로써 진정한 응용력을 키울 수 있다.,김상형 (지은이)
9788979144215,윈도우즈 API 정복 1 - 개정판,이 책은 API와 운영체제를 연구하며 이를 통해 알고리즘과 논리력을 키울 수 있도록 쓰여졌다. 초급 프로그래머는 그래픽 환경에 쉽게 적응하여 탄탄한 기본기를 다질 수 있으며 중급 프로그래머는 운영체제의 내부 구조와 동작을 이해함으로써 진정한 응용력을 키울 수 있다.,김상형 (지은이)
9788955385274,"텔레마케팅 실무 - 텔레마케팅관리사, 2007","수년 동안 현장에서 직접 강의를 하는 저명한 강사진의 집필과 감수을 통해 적중률을 보다 높이도록 하였고, 아울러 합격 후에도 지침서로 쓰일 수 있도록 구성하였다. 출제기준에 맞춘 핵심이론정리 및 용어해설로 구성하였으며, 텔레마케팅 전반에 걸친 이론을 종합, 분석하여 보다 정확한 이해가 가능하도록 하였습니다. 또한 전문용어 및 관련용어를 되도록 쉽게 기술하고자 노력하였다.",정미영 (지은이)
9788956084411,7급 재정국어,"7급 시험용으로 편찬된 국어 수험서다. 이해형, 실용형의 국어를 중시하는 최근의 수험 경향을 반영하여 요약형이 아닌 서술형으로 기술했다. 가능한 한 국가직과 지방직의 최근 기출 문제를 많이 수록하도록 노력했으며, 점검 문제 역시 여느 문제집 못지않게 다양하고 많은 문제를 수록했다.",김재정 (엮은이)
9788956440774,20세기 서양 철학의 흐름,"1880년경부터 1995년까지의 서양 철학의 역사를 살핀다. 저자는 철학을 현실과 괴리된 추상의 학문이 아닌 시대와 함게 호흡하는 역사의 산물로 파악하고, 20세기 들어서 잘못된 철학의 흐름을 짚고 이를 비판적으로 서술했다.","크리스티앙 들라캉파뉴 (지은이), 조현진, 유서연 (옮긴이)"
9788975603945,PC 진단 문제해결 무작정 따라하기 - 2006년판,8년간 하드웨어 분야 베스트셀러 1위 자리를 고수하고 있는 &lt;PC 진단 문제해결 무작정 따라하기> 2006년판. 2005년 하반기와 2006년 상반기 출시 예정인 최신 하드웨어 환경과 윈도우 XP 운영체제를 중심으로 내용을 구성했다. 가정 방문 수리 AS 쿠폰과 PC 용어 해설집을 부록으로 제공한다.,이순원 (지은이)
9788979143713,"Head First Java - 뇌 회로를 자극하는 자바 학습법, 개정판","자바 언어를 만날 수 있는 새로운 시각 &lt;Head First Java> 개정판. 자바 5.0(타이거)에 맞춰서 달라진 내용을 전면 수정 보완했고, 추가된 장 하나(16장)를 할애해서 제네닉과 컬렉션을 자세히 다룬다. 게임도 해보고, 퍼즐도 풀어보고, 미스터리도 해결해보며 상상도 하지 못한 방법으로 자바를 체험할 수 있다.","캐시 시에라, 버트 베이츠 (지은이), 서환수 (옮긴이)"
9788975275067,글쓰기의 전략 - Reading & Writing,"전략적 차원의 글쓰기 요령을 제시하고, 이 원리를 실전에 적용하는 방법을 알려준다. 연세대에서 글쓰기와 독서, 토론을 강의하고 있는 정희모, 이재성 교수가 공동 집필한 책으로, 발상 과정에서부터 마무리하는 과정까지, 글 한 편이 이루어지는 과정을 단계별로 배치해 놓았다.","정희모, 이재성 (지은이)"
9788991221109,"한국전쟁 - 끝나지 않은 전쟁, 끝나야 할 전쟁","책은 지은이가 수년간 한국전쟁을 주제로 강의하면서 전후 세대 학생들과 피드백을 나누며 '지금 우리에게 한국전쟁이란 과연 어떤 의미인가'에 대해 고민해온 노력의 결실이다. 한국 사람들에게 이 전쟁이 무엇이며, 우리 역사상 얼마나 중요한 사건이었는지, 그리고 그 현재적 의미는 무엇인지를 전체적으로 살펴본다.",박태균 (지은이)
9788956440705,스피노자와 정치,"1980년대 이후 스피노자의 철학 및 정치학의 새로운 면모를 밝혀온 발리바르의 스피노자에 관한 연구를 묶은 책이다. 스피노자에게는 정치학이 없다는 선입견에 맞서 스피노자의 철학 속에서 정치학의 요소를 발견하고, 이것이 현대 사회의 정치적 쟁점을 이해하는 매우 중요한 이론적 자원으로 활용될 수 있다고 본다는 점에서, 스피노자의 철학을 새롭게 이해하는 계기를 제공한다.","에티엔 발리바르 (지은이), 진태원 (옮긴이)"
9788955981889,후니의 쉽게 쓴 시스코 네트워킹 - 개정증보판,"2002년 1월 출간 이후 계속해서 베스트셀러를 기록하고 있는 <후니의 쉽게 쓴 시스코 네트워킹>의 개정 증보판이다. 최근의 기술에 맞게 내용을 수정하였으며, 독자들로부터 가장 많은 요청이 있었던 스위치와 스패닝 트리 알고리즘, VLAN, OSPF, WAN 등을 추가했다.",진강훈 (지은이)
9788970856575,블루 오션 전략,"치열한 경쟁으로 이윤이 점점 희박해지는 '레드 오션(Red Ocean)'에서 벗어나, 새로운 수요를 창출해 경쟁을 무의미하게 만드는 '블루 오션(Blue Ocean)'으로 나아가라. 하버드 경영대학원 역사상 최다 언어 번역 기록을 세운 책으로, 중앙일보, 한겨레신문, 동아일보 선정 올해의 책이다.","김위찬, 르네 마보안 (지은이), 강혜구 (옮긴이)"
9788979143041,찰스 페졸드의 Programming Windows - 5th Edition,"""윈도우즈를 손바닥 들여다보듯 하지 않고는 나올 수 없는 주옥같은 예제와 설명"" 윈도우 프로그래머라면 꼭 한번쯤 보게 되는 찰스 페졸드의 &lt;Programming Windows>가 새롭게 번역되어 출간되었다. 깔끔한 번역과 최신 윈도우즈 변화에 대한 역자의 배려가 돋보인다.","찰스 펫졸드 (지은이), 김선우 (옮긴이)"
9788984281868,열하일기 - 전3권,"훌륭한 문학 작품이자 과학과 예술, 새로운 사상과 미학론을 담은 최고의 책 연암 박지원의 <열하일기>를 완역했다. 철학과 사상, 과학과 음악, 정치와 문화, 실용과 논리를 자유롭게 펼친 <열하일기>는 조선의 중세가 이 책 한 권에서 정리된다는 극찬을 받았다.","박지원 (지은이), 리상호 (옮긴이)"
9788974091088,말하기의 다른 방법 - 모습들,"기억에 저장된 이미지로서의 사진의 의미를 짚어낸다. 사진이란 무엇인가, 사진은 어떤 의미를 지니는가, 사진은 어떻게 활용될 수 있는가 등의 물음에 해답을 제시한다.","존 버거 (지은이), 이희재 (옮긴이), 장 모르 (사진)"
9788991378001,짐 로저스의 어드벤처 캐피털리스트,"조지 소로스와 함께 퀀텀펀드를 창업한 세계적인 헤지펀드 투자가 짐 로저스가 전세계 116개국, 15만2000마일을 자동차로 달리면서 쓴 세계 일주 대장정의 기록이다. 1990~91년 오토바이를 타고 떠난 세계 일주 여행에 이은 두 번째 여행. 이번에는 4륜구동 자동차에 몸을 싣고 3년간 세계를 누비고 다녔다.","짐 로저스 (지은이), 박정태 (옮긴이)"
9788956742175,초보자를 위한 UML 객체지향 설계 - 제3판,"많은 독자에게 사랑을 받아온 <초보자를 위한 UML 객체지향 설계> 3판. UML 2.0의 특징을 담은 최신판으로, UML의 기초와 객체지향의 개념을 빠르게 정복할 수 있다. 두껍고 어려운 책을 보기전 빨리 UML에 대한 감을 잡아야 하는 사람, 최신 UML 2.0의 내용까지 보강된 정보를 얻고자 하는 사람들이라면 더욱 유용하게 사용할 수 있다.","조셉 슈멀러 (지은이), 곽용재, 오종범 (옮긴이)"
9788990886774,"신명용의 플래시 MX 액션스크립트 Ⅱ - 데이터베이스편, 모든걸 알켜주마","플래시관련 베스트셀러 저자인 신명용의 신작. '최강의 활용서'라고 평가받던 그 구성 그대로 전편에서 예고했던 액션스크립트 고급 활용 예제, PHP를 이용한 웹 서버와 DB 연동에 관한 내용등을 수록했다. '바로 옆에 앉아서 설명듣는 것 같다'던 동영상 강의도 빠지지 않았다.","신명용, 유광열 (지은이)"
9788991071056,논증의 기술 - 논리적으로 생각하고 말하고 쓰기의 모든 것,"논증적인 글을 쓰고 평가하는 기술을 간단히 소개한 입문서. 논리적으로 생각하고, 설득력 있는 말과 글로 표현할 때 반드시 지켜야 할 규칙들을 정리했다.","앤서니 웨스턴 (지은이), 이보경 (옮긴이)"
9788989345732,열혈강의 C++ 프로그래밍,"처음으로 C++ 언어에 입문하는 독자들을 대상으로 C++의 모든것을 체계적으로 정리했다. 기본적으로 C언어를 접해본 독자라면 더욱 쉽게 이해할 수 있다. 프리렉(www.freelec.co.kr)의 오프라인 교재로, 책을 구입하는 독자에게는 온라인 무료 강의 쿠폰이 제공된다.",윤성우 (지은이)
9788931427301,Visual C++ 6 완벽가이드 2nd Edition,"Visual C++ 관련서로는 어디에 내놓아도 손색이 없는 책. 딱딱한 문어체를 지양하고, 옆에 친구를 앉혀놓고 편하게 설명하는 듯한 문체를 이용하여 책을 재미있게 읽어나갈 수 있도록 구성했다. 단순히 코드 작성법만 주입식으로 설명하지 않고 배경 지식도 설명하여 코딩 방법을 자연스럽게 이해할 수 있다.",김용성 (지은이)
9788990365507,현대 가족 이야기,생생한 현장의 목소리로 '현대자동차'의 노동자 문화와 여성의 삶을 듣는다. 달라진 한국 가족과 여성의 삶을 울산 '현대자동차' 노동자가족을 통해 보여주는 책이다.,"조주은 (지은이), 퍼슨웹"
9788989345701,열혈강의 C 프로그래밍,"초보자를 위해 쉽게 풀어쓴 C 언어 입문서. C언어의 기본 문법부터 초보자들이 많이 어려워하는 배열과 포인터, 그리고 구조체와 매크로까지 모두 학습한다. 인터넷 강의를 통해 전문 교육센터에서 오프라인 강의를 수강하는 것과 동일한 학습 효과를 느낄 수 있다.",윤성우 (지은이)
9788931548112,성공과 실패를 결정하는 1%의 네트워크 원리,"브라우저에 URL을 입력하면 웹 페이지가 표시된다. 이것은 당연한 일이지만 그 이면에는 많은 기술들이 서로 연계해서 동작되고 있다. 바로 이러한 기술의 연계를 해설하고 있는 책. '성공과 실패를 결정하는 1%' 시리즈의 5번째 책으로, 네트워크가 작동하는 기본 원리와 구조를 폭넓게 접근해간다.","츠토무 토네 (지은이), 김성훈 (옮긴이)"
9788975601576,Excel 업무별 필수 문서 100가지 무작정 따라하기,"엑셀을 하긴 해야 하지만, 한권의 책을 다 읽기에는 몸과 마음이 허락하지 않을때, 필요한 문서가 있어 기본적인 폼을 빨리 얻고 싶을때 필요한 책. 소규모의 기업, 학교, 가정에서 자주 사용하는 100여가지 샘플을 담고 있는 '엑셀 문서 은행'이다.",공병훈 (지은이)
9788970840659,서양미술사 (반양장),지금까지 출간된 미술에 관한 가장 유명한 책 중의 하나. 1950년 영국에서 초판이 간행된 이래 전세계에서 서양미술사 개론의 필독서로 자리잡고 있다. 미술의 역사란 과거와의 연관 속에서 미래를 암시하는 각 작품들로 끊임없이 구성되고 변화하는 전통의 역사라는 것이 지은이의 믿음이다. 우리가 살고 있는 이 시대와 이집트에 피라미드가 건설되었던 그 시대가 생생하게 연결되어 있음을 이 책은 보여준다.,"에른스트 H. 곰브리치 (지은이), 백승길, 이종숭 (옮긴이)"
9788932311838,세계 종교 둘러보기,"<a href=""/catalog/book.asp?ISBN=8932311102""><예수는 없다></a>의 오강남이 인류사에 큰 자취를 남겼으며 현재에도 영향력을 발휘하는 세계의 종교 12개를 추려 객관적으로 찬찬히 소개한 책을 냈다. 세계 종교들의 창시 배경, 주요 경전, 핵심적인 가르침 등을 역사적 흐름과 맥락에 따라 살피고, 어떤 역할을 수행해 왔는지 알아본다.",오강남 (지은이)
9788956741147,다시 체계적으로 배우는 C 언어 포인터,"다양한 실무 경험을 통해 터득한 내용들을 쉽게 서술했으며, 이해가 어려운 내용들은 각각의 번지 그림을 활용하여 설명했다. 실무에서 실수하기 쉬운 예제들을 선별하여 설명했고, 특히 메모리 해제에 관해 자세히 해설했다.",정재은 (지은이)
9788986865868,우주의 점,"우주의 형태, 크기, 그 시작과 끝에 대한 의문을 섬세하고 아름다운 문장으로 풀어간다. 어머니에게 쓴 일기로 시작해 자신이 살아가는 모습을 담아낸 이 책은, 우주가 경계는 없지만 유한하다고 이야기한다.","재너 레빈 (지은이), 이경아 (옮긴이)"
9788971843772,남자의 탄생 - 한 아이의 유년기를 통해 보는 한국 남자의 정체성 형성 과정,"'한 아이의 유년기를 통해 보는 한국 남자의 정체성 형성 과정'이라는 부제를 달고 있는 이 책은 1960년대에 유년시절을 보낸 한 남자의 개인적인 회고록임과 동시에, 오늘날 한국에서 살아가고 있는 남자들이 어떻게 자신의 정체성을 형성하게 되었는가를 돌아보게 하는 정신분석학적 보고서이다.",전인권 (지은이)
9788988410714,나를 배반한 역사,"일제 독점기에 근대적 지식인들이 추구했던 집단 이념이 국가주의와 어떻게 연결되는지, 민족주의 노선을 견지했던 독립투사의 세계인식이 어떻게 제국주의의 논리(전체주의)와 맞닿는지 설파한다.",박노자 (지은이)
9788989345596,열혈강의 TCP/IP 소켓 프로그래밍,소켓을 이용한 네트워크 프로그래밍에 처음 입문하는 사람들을 위한 책이다. 네트워크를 구성하는 기본 요소에 대한 설명부터 윈도우즈와 리눅스 환경에서 네트워크 프로그램을 작성하는 방법을 단계별로 학습한다.,윤성우 (지은이)
9788980400881,수업을 왜 하지? - 꼼꼼하게 들여다본 아홉 개의 수업 장면,"월간 교육전문지 「초등 우리교육」2001년 3월호부터 12월호까지 1년 동안 '함께 나누는 수업 이야기'로 연재되었던 것을 간추리고 살찌워 펴낸 것이다. 수업을 관찰하고, 탐방한 기록으로 수업 교사와의 인터뷰가 실려 있다.",서근원 (지은이)
9788987350509,"동양 철학의 유혹 - 철학이 세상 이야기 속으로, 세상 이야기가 철학 속으로","따분하고 고루하고 어렵고 재미없다는 선입관을 가지고 있는 동양 철학을 ""이야기(로서의) 철학""이라는 새로운 방식으로, 우리가 생활 주변에서 일상적으로 만나는 상황과 사건과 이야기로 새롭게 풀어내고 있다.",신정근 (지은이)
9788972912569,과학혁명의 구조,"과학은 완결된 것이 아니라, 시대에 따라 변하며, 때로는 근본적인 기준이 뒤집어지기도 한다. 그 변화의 사례를 되돌아보는 것은 과학자를 꿈꾸는 이들에겐 필수코스다. 쉬운 책은 아니지만 과감히 도전하길 권한다. - 한겨레","토머스 새뮤얼 쿤 (지은이), 김명자 (옮긴이)"
9788985966634,신명용의 플래시 MX 액션스크립트 I - 모든걸 알켜주마,"플래시MX 액션스크립트에 대한 기본기를 다지는 내용뿐만 아니라 수학과 물리의 원리 응용, 3D활용을 통한 보다 체계적이고 활용도 높은 애니메이션과 액션스크립트 구현에 대해 학습한다. 독자들의 이해와 활용도를 높이기 위해 300여개 이상의 예제샘플, 도전문제와 활용예제, 저자의 동영상 강의가 담겨있다.",신명용 (지은이)
9788975273261,소설 - 장석주의 소설창작 특강,소설에 대한 총체적인 부분을 담았다. 소설읽기(작품읽기)와 소설쓰기를 병행하면서 소설의 기본 이해를 차근차근 풀어놓아 글쓰기에 대한 두려움을 최대한 줄였다.,장석주 (지은이)
9788990279064,영어 회화 핵심패턴 233,"41개 패턴줄기로 233개 핵심패턴을 익혀서 철저하게 활용할 수 있도록 구성한 책. 미국 TV나 일상회화에서 600개를 추리고, 저자의 미국친구 7명이 300개로, 다시 233개로 가리고 가려 뽑은 '진짜 많이 쓰는' 영어 표현이다.",백선엽 (지은이)
9788972825296,π의 역사,"이 책은 석기시대부터 현대에 이르는 매혹적인 파이 이야기를 들려준다. 타의 추종의 불허하는 방법으로  π 값을 발견하고자 한 아르테미스의 이야기에서부터 악마의 수라 비난했던 중세 주교들의 이야기, 이미 4,000년 전에 이집트인들이 발견한  π 값으로 책을 출간하면서 야단법썩을 떨었던 한 사업가의 이야기까지 흥미로운 사건과 일화가 전개된다.","페트르 베크만 (지은이), 박영훈 (옮긴이)"
9788986939156,교육 개혁을 Design 한다,"이 책은 일본의 교육학자인 사토 마나부가 일본의 교육 개혁 방안을 구체적으로 제시한 것이다. 교육학 관련 도서로서는 드물게 베스트셀러에 올랐으며, 그가 제시한 방안들이 많은 지역에서 실현되고 있다. 이 작은 책이 제시하는 교육 개혁 방안의 큰 줄기는 시장논리로부터의 자유, 신자유주의적 교육관의 타파이다.","사토 마나부 (지은이), 손우정 (옮긴이)"
9788970136486,양심과 사상의 자유를 위하여,"이 책은 우리 사회의 진보와 민주를 위해 양심과 사상의 자유가 헌법에만 명시되어 있을 것이 아니라, 실질적으로도 보장되어야 함을 주장하고 있다.",조국 (지은이)
9788987578194,고갱이 타히티로 간 숨은 이유 - 테마미술강의 001,반 고흐가 그린 브르타뉴 지방의 자연풍경이나 고갱의 타히티 여인들의 그림은 문명세계를 떠난 순수하고 위안을 주는 미술로서 지금도 많은 사람들로부터 사랑받고 있다. 그런데 이 책의 지은이는 이들이 '문화적인 식민주의자'라 주장한다.,"그리젤다 폴록 (지은이), 전영백 (옮긴이)"
9788935653461,아니마와 아니무스,"융이 제시한 아니마는 남성의 마음 속에 있는 여성을, 아니무스는 여성의 마음속에 있는 남성을 지칭한다. <a href=""/search/searchresult.asp?||KeyWordSearch=분석심리학의+탐구"">분석심리학의 탐구</a> 2번째 권인 이 책은 이러한 융의 아니마, 아니무스 이론을 한국인의 꿈, 정신과 임상사례, 무속 및 민담, 한국 전통 사상 등을 통해 구체적으로 분석한 책이다.",이부영 (지은이)
9788988105382,레디컬 에콜로지,"미국의 진보적 생태여성주의자 캐롤린 머천트는 이러한 급진 생태론을 사상과 실천에 따라 알기 쉽도록 나누어 설명하고 있다. 근본 생태론, 영성 생태론, 사회 생태론은 각각 무엇이며, 그 운동은 어떻게 갈라지는가? 이 책은 대두되는 생태론의 다양한 입장들을 일목요연하게 정리해 놓은 국내 유일의 생태학 입문서라 할 수 있다.","캐롤린 머천트 (지은이), 허남혁 (옮긴이)"
9788937411533,판도라 상자 속의 문학 - 김미현 평론집,"이 책은 지은이가  발표했던 19편의 평론을 주제론, 작가론, 작품론으로 나누어 싣고 있다. 지은이는 이 세가지 범주에서 1990년대 이후 한국 문학의 흐름을 분석하며 한국 현대 문학의 정체성을 찾고 있다.",김미현 (지은이)
9788989103400,프랑수아 라블레의 작품과 중세 및 르네상스의 민중문화,"16세기 프랑스 르네상스 문학의 대표적 작가인 프랑수아 라블레를 통해 중세 및 르네상스 시대의 웃음의 문화를 조명한 책. '웃음'을 단순한 생리적 현상이 아닌, 역사적인 문화현상으로 바라보는 바흐찐은 라블레의 작품에서 보여지는 '웃음이 지닌 생명력과 재생력'에 주목한다.","미하일 바흐찐 (지은이), 이덕형, 최건영 (옮긴이)"
9788988336861,"성적 지배와 그 양식들 - 정체성에서 감수성으로, 이행총서 02","저자가 기획하여 간행하는 「이행총서」의 두번째 책이다. 이전의 책인 <a href=""http://www.aladdin.co.kr/catalog/book.asp?ISBN=8988336852""><지배와 그 양식들></a>에 이어 이번 책에서는 성적 지배는 무엇이며 그것은 어떠한 양식을 취하는지를 엄밀한 개념사용과 치밀한 논리 전개를 통해 밝히고 있다.",이종영 (지은이)
9788988375648,비평과 권력,이 책은 문학권력 논쟁 및 비판적 글쓰기와 연관된 글들을 묶은 비평집이다. 지은이는 비평과 문학의 자율성에 대한 잘못 알려진 신화와 허위의식을 지적하고 있다. 비평을 하는데 있어서 본질적으로 스며들기 쉬운 권력의 속성과 그늘에 대해서 본격적으로 이야기 한다.,권성우 (지은이)
9788987519463,끝나지 않은 강연 - 함석헌 미간행 강연 유고집,"이 책에 실린 함석헌 선생의 강연문은 주로 80년대에 말씀하신 것을 정리한 것들로, 그간 단행본 혹은 전집에 묶인 적이 없는 글들이다. 전국의 대학과 교회, 그리고 미국의 한인교포들을 대상으로 행했던 선생의 강연에는 그가 가진 신념과 사상이 생생하게 녹아들어 있다.",함석헌기념사업회 (엮은이)
9788988105320,"남과 여, 은폐된 성적 계약","페이트만은 '성적 계약'이라는 독특한 개념을 통해 페미니즘을 재구성하고 있다. 이 책은 결혼계약, 고용계약, 매춘계약, 대리모 계약 등 계약이라는 명분 아래 권력관계를 재생산하는 구조를 분석하고 이를 해체하여 진정한 민주주의를 실현할 수 있는 방안을 모색하고 있다.","캐롤 페이트먼 (지은이), 유영근, 이충훈 (옮긴이)"
9788937411502,서정적 진실을 찾아서,"제1부는 시 비평에 대한 반성적 검토를 비롯하여 시와 시인을 다뤘다. 제2부는 문학 혹은 인문학의 위기론에 대한 생각을, 제3부는 본 대로 느낀 대로 자유롭게 펼쳐본 소견을, 제4부는 현대 한국문학을 회고하며 심포지엄에서 발표한 주제논문을 엮었다.",유종호 (지은이)
9788970922034,일리아스 - 희랍어 원전 번역,"단국대 천병희 교수가 영어 중역이 아닌, 그리스어 원전을 번역한 호메로스의 고전 '일리아스'. 꼼꼼한 주석과 해설로 원전의 의미를 살렸다.","호메로스 (지은이), 천병희 (옮긴이)"
9788983710505,생명의 파노라마,"생명은 어디에서 기원하여 어떻게 작용하는지, 식물은 어떻게 햇빛으로 영양분을 만드는지, 단지 4글자 알파벳으로 구성된 DNA의 암호가 어떻게 지구상 모든 생명체의 설계도를 그려낼 수 있는지, 두 사람의 지은이는 일반인의 호기심과 눈높이에 맞추어 흥미롭게 풀어나간다. --세계일보","말론 호아글랜드 (지은이), 버트 도드슨 (그림), 황현숙 (옮긴이)"
9788972912385,침묵의 세계,"<침묵의 세계>를 읽고 있으면 사계절과 언어와 자아와 신화와 사랑, 예술과 희망, 너와 나의 몸짓이나 자연과 사물들이 침묵을 바탕으로 삼지 않을 때 얼마나 상하는가를 느끼게 한다. 아니 세상의 만물이 침묵을 바탕삼아 얼마나 많은 것들을 흡수하는가를 알게 한다. --신경숙","막스 피카르트 (지은이), 최승자 (옮긴이)"
9788935652716,세계와 미국 - 20세기의 반성과 21세기의 전망,가톨릭 대학의 이삼성 교수는 국내에서 미국의 외교정책과 한반도 문제에 관한 한 독보적인 전문가라 할 수 있다. 이 책에서 그는 새로운 세기의 국제질서 속에서 미국과 미국의 세계지배에 관한 문제를 비판적으로 분석한다.,이삼성 (지은이)
9788988336854,지배와 그 양식들 - 이행총서 1,"지은이는 이 책에서 '지배'라는 행위의 심리적 기초와 역사적 특질에 대해서 고찰한다. 주로 라캉의 이론을 비판적으로 도입하면서 지배의 심리적 기초를 분석하며, 역사적 지배형태로서 전(前)부르조아적 지배양식과 부르조아적 지배양식, 레닌주의적 지배양식을 검토하였다.",이종영 (지은이)
9788988375563,토담집,"강원도 영월군 주천면 신일2리 4반 나래실 마을에서 직접 토담집을 짓고 살고 있는 저자 이화종씨의 귀향 생활 이야기다. 지난 98년 4월 서까래와 문틈을 다듬기 시작해, 굴뚝과 토굴을 만들어 도배를 한 뒤 10월말 이사를 하기까지, 2790만원으로 집 23평과 토굴 8평을 지은 집짓기 체험을 꼼꼼히 정리하고 있다. -문화일보",이화종 (지은이)
9788940802328,서양미술사 - 양장본,"서양미술사 개론서로서 가장 중요한 책들 중 하나인 H.W. 잰슨, &lt;History of Art>(1962)의 'for Young People' 버전. 각 시대의 미술사적 특성과 대표적인 미술가, 작품, 다양한 사조와 양식 등을 구체적으로 언급한다. 양식사적인 시각이 두드러지는 것이 특징이고 각각의 시대에 내포된 문화사적 의의를 비롯, 개별 미술가들의 표현의식이나 감수성까지 세밀하게 다루고 있다.","호스트 월드마 잰슨, 앤소니 F. 잰슨 (지은이), 최기득 (옮긴이), 정점식 (감수)"
9788930100175,새 근원수필 - 우리 문화예술론의 선구자들,"근원 김용준 전집 첫째권. 20세기 수필문학의 진수라 일컬어지는 <근원수필>을 새로 엮은 책이다. 일상사를 다룬 가벼운 단문부터 우리 미술과 미술가들에 대한 비평까지, 선생의 학문적 깊이와 민족예술에 대한 애정, 삶에 대한 자세를 느낄 수 있는 다양한 글이 실려 있다.",김용준 (지은이)
9788982813504,저주의 몫 - 모더니티총서 10,"죽음과 에로티즘의 작가가 성찰한 비생산적 소모의 이론. 우리는 넘치는 에너지를 해결해야 하고, 생식 목적이 아닌 성행위나 전쟁 종교의식 도박 공연 예술 등 비생산적인 소모, 즉 저주의 몫의 규모를 비중있게 늘려야만 사회의 생존 자체가 가능하다고 역설. - 대한매일","조르주 바타유 (지은이), 조한경 (옮긴이)"
9788972823308,"아름다운, 너무나 아름다운 수학","이 책은 수학을 도구로 우리가 만날 수 있는 근본적인 진리와 사유의 세계를 보여준다. 여기에는 수학과 전혀 관계가 없어보이는 O.J 심슨 재판이나 주말 저녁 온가족이 함께 볼 영화고르기, 솔로몬의 지혜와 같은 예상치 못했던 소재들까지 다루어진다.","K. C. 콜 (지은이), 박영훈 (옮긴이)"
9788987350295,성은 환상이다,"이 책은 인간의 성과 관련된 모든 것은 본능이 아니라 환상에 근거하고 있으며, 따라서 하나의 문화적 산물일 뿐이라고 이야기한다. 프로이트 학파의 심리학자인 이 책의 저자 가시다 슈는 흥미로운 주장들을 통해 성이 환상일 수밖에 없는 근거를 제시하고 있다.","기시다 슈 (지은이), 박규태 (옮긴이)"
9788972912767,스페인 제국사 1469-1716,15세기 카스티야와 아라곤 연합왕국의 합병으로부터 18세기 부르봉 왕조의 등장에 이르기까지 스페인 제국의 역사를 자세히 설명한 책. 스페인 역사의 개별적 특성과 함께 보다 넓은 유럽적 혹은 대서양적인 맥락 속에서 스페인의 의미와 가치를 설명한다.,"존 H. 엘리엇 (지은이), 김원중 (옮긴이)"
9788988336335,거울에 비친 유럽,"'유럽을 만들자' 총서 제1권으로 출간된 <거울에 비친 유럽>은 지금까지의 유럽 중심적 세계사 해석에 근본적인 의문을 던지는 역작이다. 조셉 폰타나는 유럽에 대한 왜곡된 거울들의 방에서 나가 새로운 눈으로 '다른 사람들'을, 즉 가면으로 위장하지 않은 그들의 진정한 모습을 바라볼 것을 요구하고 있다.","조셉 폰타나 (지은이), 김원중 (옮긴이)"
9788981630614,현대 한국의 사상흐름 : 지식인과 그 사상 1980 - 90년대,"누가 신좌파적 마르크스주의자이며, 누가 보수적 자유주의자일까. 재일교포 2세인 윤건차(尹健次.56·가나가와 대학)교수가 펴낸 <현대 한국의 사상흐름>은 80년대 이후 한국지식인의 지적 편향을 ‘과감하게’ 분류하고 있다. -문화일보","윤건차 (지은이), 장화경 (옮긴이)"
9788986270433,즉흥연기 - 연기와 숨어있는 상상력에 관한 이야기,"이 책은 존스톤의 즉흥연기에 대한 안내서이다. 초판은 1979년에 발행되었고, 세계 각국에서 큰 호응을 얻었으며 오늘날까지 널리 읽히고 있다. 하지만 연극인들만을 위한 책은 아니다. 부제가 '연기와 숨어있는 상상력에 관한 이야기'. 지은이가 즉흥연기에서 가장 중요시하고 있는 것이 바로 상상력이다.","키스 존스톤 (지은이), 이민아 (옮긴이)"
9788937427046,커뮤니케이션의 횡포 - 21세기문화총서 4,"'커뮤니케이션의 횡포' 는 미디어 분야의 최신 변화 상황을 다룬 멋진 에세이다.1980년대말 CNN이라는 글로벌한 방송망이 생겨난 이후 '전세계적인 정보의 시대' 에 돌입했다고 규정하고, 현재의 상황을 '냉소적으로 변한 시청자들' '잉여적 존재, 기자의 죽음' 같은 도발적인 용어를 통해 분석한다. - 중앙일보 조우석 기자
","이냐시오 라모네 (지은이), 원윤수, 박성창 (옮긴이)"
9788987997223,무라카미 하루키의 옐로사전,"무라카미 하루키의 모든 것 - 사생활, 작품목록과 내용, 하루키가 만들어낸 주요 등장인물들, 번역활동 소개, 문학관 등 - 을 총망라해 짤막짤막한 글로 모은 '하루키 문학 안내 사전'. 하루키 팬이라면 군말 필요없이 목차만 훝어보고도 책의 효용을 알 것이다.","일본 무라카미월드 연구회 (지은이), 김선영 (옮긴이)"
9788970123622,"초록빛 거짓말, 우리 소설의 정체","김윤식 교수의 100번째 저서인 <초록빛 거짓말, 우리 소설의 정체>는  그의 열정적인 글쓰기를 드러내주는 듯 한국문학 100여년 역사에 100권째 개인 저서라는 최초의 기록을 남기게 되었다. 이 책에는 1998년 1월 ~ 1999년 12월에 걸쳐 두 해 동안 월간 <문학사상>에 실렸던 그의 비평을 모아 놓았다. 우리작가 95명의 소설 149편에 대한 비평이 실려 있다.",김윤식 (지은이)
9788979140637,C로 구현한 알고리즘,이 책은 모든 프로그래밍 작업의 강력한 해결과 일반적인 프로그래밍 기술을 이해하기 위해 꼭 필요한 정보들을 제공한다. 또 각각의 자료 구조와 알고리즘에 대한 흥미있고 실제적인 예제뿐만 아니라 구현까지도 담고 있다. C 언어의 기본적인 이해를 갖고 있는 사람이라면 누구나 이 책을 사용할 수 있다.,"Kyle Loudon (지은이), 허욱 (옮긴이)"
9788972912651,중세의 빛과 그림자 - 그림과 함께 떠나는 중세 여행,"<중세의 빛과 그림자>는 서양 중세인들의 다양한 삶의 모습을 만화경과도 같이 펼쳐 보여주고 있다. 1000년에 걸쳐 인간사회가 경험한 온갖 영광과 불행을 한편에 치우치지 않고 균형있게 그려내겠다는 집필 의도가 제목에서부터 드러난다. 저자는 보훔대학에서 오랫동안 서양중세사를 가르쳐 온 정교수이고, 그런 만큼 서술의 밑바탕에는 수십 년에 걸친 엄밀한 학문적 연구의 성과가 깔려 있다. -조선일보","페르디난트 자입트 (지은이), 차용구 (옮긴이)"
9788937424458,페미니즘 - 어제와 오늘,이 책은 페미니즘의 대모라 할 수 있는 메리 울스톤크래프트로부터 버지니아 울프를 거쳐 독특한 하나의 그룹을 형성하고 있는 현대의 프랑스 페미니스트들에 이르기까지 페미니즘의 다양한 흐름을 흥미롭게 소개하고 있다.,한국영미문학 페미니즘학회 (지은이)
9788970591483,"디자인 사전 - 개정판, The Dictionary of Contemporary Design","1994년에 나왔던 안그라픽스의 <디자인 사전> 개정판. '감성 공학'에서 '환경 디자인'까지 41개 대항목을 상세히 다루고 있다. 소항목들을 '찾아보기'에서 찾을 수 있다. 현장에서 활동하는 각 분야의 전문가들이 보다 광범위한 디자인의 개념에 대한 주제와 의도를 가지고 접근하였다. 감성공학, 인터페이스, 지각심리, 웹 디자인 등의 내용이 개정판에서 보강되었다.","권명광, 안상수, 조영제, 이순종 (기획)"
9788986481501,여성의 몸 여성의 지혜,"<여성의 몸, 여성의 지혜>는 여성질병의 숨겨진 진실을 드러낸 책이다. 저자는 여성 질병에 대한 새로운 관점으로 보다 근본적인 원인과 치유법을 제시한다. 특히 남성중심사회에서는 여성의 질병에 대해서도 왜곡된 시각이 나타난다고 강조하는 저자는 질병을 통해 여성 내면에 감추어진 진실을 보여준다. --서울경제신문","크리스티안 노스럽 (지은이), 강현주 (옮긴이)"
9788970131696,프루스트 1 - 잃어버린 시간을 찾아서,20세기 불후의 명작 중 하나로 평가받는 <잃어버린 시간을 찾아서>의 작가 마르셀 프루스트의 전기. 프루스트 연구에 평생을 바친 장 이브 타디에는 '한 작가의 진정한 전기는 곧 작품의 전기'라는 생각을 기본으로 이 책을 서술하고 있다. 즉 프루스트의 작품 배경이 형성되는 과정을 세세하게 밝히는 작업을 통해 프루스트 생의 진면목을 보인다.,"장 이브 타디에 (지은이), 하태환 (옮긴이)"
9788985022248,내셔널리즘과 젠더 - 비판총서 3,근대 `국민`국가의 전쟁과 가부장적 성격 사이에서 생겨난 `위안부` 문제를 페미니즘의 관점에서 강하게 비판한 책. 저자는 여성사가 일국사(一國史)를 초월하기 어려우며 근대 가부장제 국민국가라는 틀 안에서 남녀 평등이란 원칙적으로 불가능하다는 결론에 이른다. - 동아일보 김형찬기자,"우에노 지즈코 (지은이), 이선이 (옮긴이)"
9788936470548,벽초 홍명희 연구,"민족운동가로서의 면모는 물론 문인, 학자, 언론인, 정치가로서 살다간 홍명희의 삶을 인물평전 형식으로 생생하게 전개한다. 경술국치 때 자결한 부친 홍범식이 끼친 영향, 국문학자이자 사회운동가인 아들 홍기문과의 관계, '임꺽정' 집필과정의 에피소드, 김일성과의 관계 등도 흥미롭다. 본문에 곁들여진 미공개 사진 50여장 또한 홍명희와 그의 시대를 이해하는 데 생동감을 더해준다. --세계일보",강영주 (지은이)
9788985367790,대중음악사전 - 한나래 팝 컬처,제목에서 알 수 있듯이 이 책은 사전 형식을 띠고 있다. 그러나 보통의 백과 사전처럼 무미건조하게 대중음악을 설명하는 데 쓰이는 용어만을 설명하고 있지는 않다. 음악 연구자이며 미디어.문화 연구자인 지은이는 여러 학제에 걸치는 광범위한 대중음악 연구 영역에서 가능한 최대한의 범위를 포괄하고 있다.,"로이 셔커 (지은이), 장호연, 이정엽 (옮긴이)"
9788946026605,환경갈등과 불평등,"환경운동이 특정 계층이나 계급의 이해관계를 능가하는 시민운동으로 확고하게 자리잡으면서 이에 대한 비판의 목소리도 날로 커지고 있다. 환경운동에 다양한 운동조직들과 다양한 주제, 전략 및 수단들이 동원되고 있기는 하다. 그러나 반자본 운동이라는 본연의 목적이나 의미를 상실하고 특정 목적에 따라 배타적, 경쟁적 관계를 보이고 있다는 것이다. --한국일보 송영주 기자",최병두 (지은이)
9788988336274,"사랑은 지독한, 그러나 너무나 정상적인 혼란 - 사랑, 결혼, 가족, 아이들의 새로운 미래를 향한 근원적 성찰","울리히 벡과 그의 부인인 엘리자베트 벡이 공동으로 집필한 이 책은 사랑이라고 하는, 어찌 보면 너무나 통상적인 주제를 갖고 현대 사회의 근본적인 변화를, 재기발랄하고 예리하게 분석해 가고 있다.","울리히 벡, 엘리자베트 벡 게른스하임 (지은이), 배은경, 권기돈, 강수영 (옮긴이)"
9788988336267,삼사충고 - 개정증보,"이 책은 저자가 <목민충고>와 <풍헌충고>, <묘당충고>를 합하여 이름한 것으로 그가 관직에 몸담고 있으면서 체험한 것을 바탕으로 쓰여진 진실로 직위에 있는 사람들에게 권할 만한 불후의 고전이다. 이 책은 위로는 윗사람을 보필해야 하고 아래로는 백성들을 보살펴야 하는 사람에 대한 소개를 통해 사회를 구성하는 또 하나의 삶의 바람직한 초상을 제시한다.","장양호 (지은이), 정애리시 (옮긴이)"
9788936412012,남성의 과학을 넘어서 - 페미니즘의 시각으로 본 과학 기술 의료,부제가 나타내듯 `페미니즘의 시각에서 본 과학 기술 의료`를 다룬 책. 오늘날 여성이 과학기술 분야에 종사하는 비율은 지나치게 낮으며 이는 `여성이 고도의 두뇌활동을 요구하는 직종에 부적합하다`는 편견을 낳아 남녀불평등을 심화시킨다고 지적. -동아일보 유윤종 기자,"오조영란, 홍성욱 (엮은이)"
9788937424274,바이오테크 시대,"이 책은 컴퓨터 기술과 유전공학 기술의 장대한 결합, 그리고 생명공학 시대로의 역사적 전환을 다루고 있다. 저물어가는 금세기가 물리학과 원자핵 기술의 시대였다면 다가오는 새 세기는 생물학의 세기가 될 것이며, 인류의 최대 이슈는 바로 생명공학이 될 것임을 보여 준다.

새로운 시대로 한걸음씩 나아갈 때마다 생각해 보아 ...","제러미 리프킨 (지은이), 전영택, 전병기 (옮긴이)"
9788932310022,제3의 성 - 중년여성 바로보기,"이 책은, 중년 여성을 비하하여 '아줌마'로 틀짓는 문제는 성역할을 강조하여 어려서부터 그렇게 가르치는 사회와 학교, 그리고 가정에서 비롯되었음을 지적한다. '아줌마'에 대한 지금까지의 모든 편견에서 벗어나기 위해서는 결국 중년 여성의 강한 힘을 인정하고 그들 각자가 자신의 인생에서 주인이라는 자신감과 의무감을 되찾는 일일 것이다.....","여성을 위한 모임, 김영란, 오경희, 방금희, 이선옥, 김정겸, 강기정, 이미향 (지은이)"
9788972912255,사진과 함께 읽는 삼국유사,이 책의 가치는 삼국유사에 기록된 현장을 일급 사진작가가 100여장의 사진에 담아냈다는 데 있다. 본문과 사진을 함께 보는 것만으로도 '삼국유사 유적답사'가 가능하도록 꾸민 것이다. 사진작가 강운구씨가 지난 5년 동안 삼국유사 기록의 현장을 샅샅이 누비며 촬영한 사진들이다.,"일연 (지은이), 리상호 (옮긴이), 강운구 (사진), 조운찬"
9788981630416,제3의 길은 없다,"1997년 이후 영국의 토니 블레어와 앤서니 기든스는 제3의 길이야말로 시장 만능주의의 폐해와 복지국가의 비능률성을 극복한 최선의 대안이라고 주장해 왔다. 그러나 이제 영국사회 내부로부터 제3의 길에 대한 비판의 목소리가 터져 나오고 있다.

이 책은 블레어 정권의 1년 6개월간의 공고에 대한 세밀한 분석으로, 그가  ...","스튜어트 홀, 에릭 홉스봄 (지은이), 노대명 (옮긴이)"
9788972597155,20세기 라틴 아메리카 미술,"이와 같은 편견에도 불구하고 유럽에서도 이제 이러한 혼혈문화가 라틴 아메리카 미술이 가지는 장점의 일면을 설명해 주며, 라틴 아메리카 미술의 생명력, 독창성, 놀라운 불변의 힘의 근원이기도 하다는 사실을 깨닫기 시작하고 있다. 따라서 우리는 라틴 아메리카의 시각미술이 미국이나 유럽과 견주어 볼 때 훨씬 정치적이고 사회적인 상황과 밀접하게 관련되어 있다는 것을 알 수 있다. -서론 중에서","에드워드 루시-스미스 (지은이), 남궁문 (옮긴이)"
9788939203495,김지하 사상기행 1,"생명운동에서 율려에 이르기까지 김지하 사상의 원류가 된 기행의 기록이다. 84년 겨울, 막 `생명운동`이라는 거대담론을 들고 나와 동학과 증산도를 재해석하던 그는 우리 민중사상의 뿌리를 찾기 위해 최제우와 강증산의 발자취를 따라 서울 운당여관을 출발해 공주 부여 논산 익산 김제 남원 고부를 둘러본다....",김지하 (지은이)
9788975271205,한권으로 읽는 동의보감,"이 책은 음양 오행 등 기초개념 정리에서부터 각 질병에 대한 의학이론과 처방, 약물, 침구 등의 내용을 망라하고 있다. 심장은 생명의 발전소, 비장은 기와 혈을 만드는 공장, 신장은 정력과 생식의 담당자 등 한의학 용어를 우리말로 쉽게 풀어내 독자들의 이해를 돕고 있다.","김남일, 신동원, 여인석 (지은이)"
9788984210141,중국 경제개혁의 정치적 논리,"중국의 정치 제도와 조직, 정책결정 과정 등 세부적 정치적 논리를 살피며 중국의 경제개혁을 차분히 들여다 본 책. ...","SUSAN L. SHIRK (지은이), 최완규 (옮긴이)"
9788986270280,생명이란 무엇인가? - DNA 발견 이후 다시 쓰는 진화론,"다윈의 진화론은 생물이 먹고 먹히는 관계, 이기고 지는 관계를 통해 새로운 종으로 발전해 나가는 원리를 보여준다. 하지만 이 책을 쓴 마굴리스 등은 생명체가 서로 배척하기보다 오히려 공생하고 다른 세포를 흡수하면서 환경에 더 잘 적응, 진화해 간다고 설명하고 있다.

`공생이 적자생존보다 높은 차원에서 일어나는 자연선 ...","린 마굴리스, 도리언 세이건 (지은이), 황현숙 (옮긴이)"
9788930110624,민중미술 모더니즘 시각문화,"「민중미술의 시각」 「모더니즘의 쟁점」「시각문화의 도전」 등 3부, 21편으로 구성되어 있다. 이 글들은 한국미술이 아직 이르지 못한 `근대성`에 대한 갈망을 밑바탕에 깔고 있다. 그가 목표로 삼고 있는 미술의 근대성이란, 미술이 사회와 유기적인 관계를 맺으며 지적인 담론을 생산하는 문화제도로 자리잡음을 뜻한다.

그 ...",성완경 (지은이)
9788988360026,한국 미술의 자생성 - 한길아트 뮤지엄 001,"한국미술 전공자 22명이 우리 미술의 원형을 탐구한 책. 선사시대 암각화에서부터 현대의 테크노아트에 이르기까지 한국미술의 정체성 문제를 심도있게 다뤘다. 정우택 경주대 교수의 「고려불화의 독자성」, 윤용이 원광대 교수의 「조선백자의 성립과 변천」, 윤범모 경원대 교수의 「우리 근대미술과 정체성의 문제」 등이 실려 있다. ...",최몽룡 (지은이)
9788970963723,미국 사회의 지적 흐름 - 정치·경제·사회·문화 - 미국학 총서 1,서울대 미국학연구소가 간행한 '미국학 총서'로 가장 먼저 나온 책이다. 미국을 파악하기 위해 나무와 숲을 동시에 보기를 시도했다는 의의를 지닌다. 관련 서울대 교수를 주축으로 20여명의 정상급 학자가 참여했다.,서울대학교 미국학연구소 (지은이)
9788936483029,전체주의의 시대경험,"현대 일본 최후의 사상가로 불리는 저명한 사상가 후지따 쇼오조오의 에세이들을 가려뽑아 엮은 선집. 마루야마 마사오의 제자로 천황제국가의 지배원리에 대한 지양에서 출발해 현대문명에 대한 심층적 비판으로 그 사상적 지평을 넓혀온 한 비판적 지성의 궤적을 볼 수 있다.

후지따에게 `전체주의`란 인간 삶의 원형적 구조를 파 ...","후지타 쇼조 (지은이), 이홍락 (옮긴이)"
9788934903543,한반도 운명에 관한 보고서,"원제는 `당근, 채찍 그리고 물음표`. 미국 내에서도 공개되지 않고 기밀자료로만 이용되고 있는 보고서다. 보고서에 담긴 당시 상황은 매우 급박하다. 남한을 배제한채 미국만을 상대로 협상을 진행하는 북한의 버티기에 강경조치로 내닫는 미국의 대응이 불꽃을 튀긴다....",하버드대학교케네디스쿨 (엮은이)
9788970852546,한국사에도 과학이 있는가,삼국시대부터 근현대까지 시간여행을 하는 ‘과학문화유산 답사기’．1997년 삼성ＳＤＳ의 ‘사이버캠퍼스’에서 강의한 내용들을 책으로 묶었다． 새로운 연구결과를 소개하는 저술이라기 보다는 해박한 문헌지식과 과학적 상상력으로 풀어가는 과학수필에 가깝다．,박성래 (지은이)
9788935651733,성과 속,성과 속〉은 ‘성’（聖）과 ‘속’（俗）이라는 대칭적 개념을 지렛대 삼아 종교를 새로운 지평에서 이해하려 한 일종의 종교사 입문서이다． 그는 성과 속， 그리고 세계라는 세 범주가 하나의 연관관계를 맺고 있으며， 성의 드러남이 곧 세계라고 주장한다．...,"미르치아 엘리아데 (지은이), 이은봉 (옮긴이)"
9788987608044,중국의 '자유' 전통 - 신유학사상의 새로운 해석,이 책은 지은이가 1982년 홍콩 중원(中文) 대학에서 개최한 첸무(錢穆) 기념 강좌에서 행한 강의를 정리하여 1983년 홍콩 중원 대학과 미국의 컬럼비아 대학에서 동시 출판한 책이다. 또한 현재 중국어판과 일본어판이 나와 있을 정도로 신유학사상 분야에서는 동서를 불문하고 폭넓게 읽히는 책이다. 이 책이 처음 출판된 이후 지금까지 사람들의 입에 회자되는 이유는 신유학을 과거뿐만 아니라 현재의 동아시아가 안고 있는 사상적 전통과 결부시켜 새로운 시각으로 재해석했기 때문이다.,"윌리엄 시어도어 드 배리 (지은이), 표정훈 (옮긴이)"
9788976829139,언어본능 - 상 - 정신은 어떻게 언어를 창조하는가,"어린아이들은 어떻게 말을 배울까． 언어에 대한 질문은 끝이 없다．스티븐 핀커（미국 ＭＩＴ 교수）의 「언어본능」은 이러한 호기심에 유쾌하게 답변한다．
...","스티븐 핑커 (지은이), 김한영, 문미선, 신효식 (옮긴이)"
9788980384037,"나, 너, 우리 - 차이의 문화를 위하여",저자는 남성과 ‘같아지려는’ 평등의 요구보다，두 성의 차이를 인정한 바탕에서 가부장적 남성의 문화에 녹아들거나 침범당하지 않는 새로운 여성의 문화를 모색한다...,"뤼스 이리가라이 (지은이), 박정오 (옮긴이)"
9788985073363,강택민과 중국정치,"중국의 새로운 지도자로 부상한 강택민의 일대기. 강택민의 개인적 삶과 정치적 역경에 초점을 맞추었고, 그와 같은 시대를 살아온 중국의 지도자들의 정치적 활약상과 현대 중국정치사의 주요 사건들도 함께 다루었다. 그를 통해 중국사회주의의 장래도 분석하고 있다.",김영화 (지은이)
9788983719058,인간 게놈 프로젝트,인간이 인간이기 위한 과학적 프로젝트는 어떻게 구성돼 있을까. 사람의 유전자정보는 모두 밝혀질 수 있는 것일까. 이 책은 인간 세포 안에 들어 있는 모든 DNA연구를 토대로 하고 그것을 인간생리학에 적용시켜 인간의 게놈 전체를 해석한다는 인간게놈 프로젝트의 기원에 대해 설명하고 있다...,"로버트 쿡-디간 (지은이), 황현숙 (옮긴이)"
9788970851457,식문화의 뿌리를 찾아서  - 우리문화총서 7,"음식 문화에는 민족성이 강하게 배어있다． 중국음식이 푸짐하고 기름진 반면 일본음식은 대체로 담박하고 화려하다．음식만으로도 두 나라의 민족성이 비교된다． 우리 음식의 경우 손 맛이 특징 이다．이 책은 한국전통 음식의 발달과정을 더듬고 있다．
...",유애령 (지은이)
9788973002849,"춤, 여성, 그리고 남성","춤에 관한 페미니즘 방법론을 개척한 것으로 평가되는 이 책은 페미니즘의 출현 이래 전개된 다양한 논의를 발레와 현대무용 그리고 포스트모던 댄스, 동ㆍ서양의 극장식 춤에 적용시켜 춤의 올바른 위상을 모색한다.","크리스티 아데어 (지은이), 김채현 (옮긴이)"
9788932901282,인간과 상징,프로이트와 함께 20세기를 대표하는 정신분석학자 융의 유작이자 유일한 대중적 저서．융과 ４명의 학자들이 공동집필한 이 책은 융의 심리학을 쉽게 해설한 `무의식 연구`， 융학파가 보는 인격발달의 핵심인 `개체화 과정`을 상세하게 설명했다． 또 융의 정신분석 이론을 미술에 적용한 `시각예술의 상징`등의 글을 수록했다．,"칼 구스타프 융 (지은이), 이윤기 (옮긴이)"
9788934901976,가이아 - 지구의 체온과 맥박을 체크하라,"가이아란 그리스 신화에 나오는 대지의 여신, 러브록에 따르면 가이아는 지구의 생물, 대기권, 태양, 토양까지를 포함하는 하나의 범지구적 실체다. 따라서 가이아의 세계에서 인류는 단지 한 종의 생물에 불과할 따름이며, 지구의 주인도 관리인도 아니다. 가이아 이론에서 중요하게 다루는 것은 지구 전체의 건강이다.--출판저널",제임스 러브록 (지은이)
